Emotion,Tweet,,,,,,,,,,,,,,,,
fear,Yuddha ke haalaat se bahut dar lag raha hai.,,,,,,,,,,,,,,,,
fear,Is yuddha mein itne saare maasumon ki jaan kyon jaa rahi hai?,,,,,,,,,,,,,,,,
anger,Is yuddha mein hui hinsa aur atyachaaron se mujhe gussa aa raha hai.,,,,,,,,,,,,,,,,
anger,"Yuddha karenge, haar nahin maanege!",,,,,,,,,,,,,,,,
sadness,Yuddha ke karan ghar-baar se beghar hue logon ka haal dekhkar bahut dukh hota hai.,,,,,,,,,,,,,,,,
sadness,"Is yuddha mein itne saare logon ki jaan chali gayi, mujhe bahut gham hai.",,,,,,,,,,,,,,,,
anxiety,"Yuddha kab khatam hoga, yeh chinta har samay satati rahti hai.",,,,,,,,,,,,,,,,
anxiety,"Is yuddha ka kya anjaam hoga, yeh tension bohot hai.",,,,,,,,,,,,,,,,
shame,Is yuddha mein hui hinsa aur atyachaaron ke liye mujhe sharm aati hai.,,,,,,,,,,,,,,,,
shame,"Yuddha mein logon ki jaan jaati hai, yeh baat sochkar sharm aati hai.",,,,,,,,,,,,,,,,
guilt,Yuddha ke karan apne desh ke liye kuch na kar paane ka gunaah mujhe hamesha khaayega????.,,,,,,,,,,,,,,,,
guilt,"Is yuddha ko rokna mera farz tha, par main kuch nahi kar paa, yeh baat mujhe hamesha guilt deg????i.",,,,,,,,,,,,,,,,
hopelessness,"Is yuddha ke khatam hone ki koi umeed nahi dikhti, isliye niraasha ho rahi hai???????????????.",,,,,,,,,,,,,,,,
hopelessness,"Is yuddha ka koi à¤…à¤‚à¤¤ nahi dikhta, yeh baat sochkar niraasha ho jaati hai.?????????????????",,,,,,,,,,,,,,,,
frustration,Is yuddha mein hui tabahi aur barbaadi ko dekhkar bahut khijh aati hai.,,,,,,,,,,,,,,,,
frustration,Yuddha ka ye khatam na hone wala silsila mujhe bahut khafa karta hai.,,,,,,,,,,,,,,,,
disgust,Yuddha mein hui kroorta aur amanaveeyata se mujhe ghin aati hai: ????.,,,,,,,,,,,,,,,,
disgust,"Yuddha mein logon ki jaan jaati hai aur unki beemar aur parivar barbaad ho jaate hain, yeh baat sochkar ghin aati hai: ????.",,,,,,,,,,,,,,,,
grief,Apnon ko khone ka gam sahan karna bahut mushkil hai????????.,,,,,,,,,,,,,,,,
grief,"Is yuddha mein itne saare logon ki jaan chali gayi, unke parivaaron ka gham kya hota hoga, yeh sochkar dukh hota hai ????????.",,,,,,,,,,,,,,,,
empathy,Yuddha ke karan peedit logon ke prati sahaanubhuti rakhta hoon????????.,,,,,,,,,,,,,,,,
empathy,Is yuddha mein peedit logon ki madad karna mera farz hai????.,,,,,,,,,,,,,,,,
resilience,Is mushkil samay mein bhi haar nahi manunga aur har chunauti ka saamna karoonga.,,,,,,,,,,,,,,,,
resilience,"Yuddha ke karan logon ki jaan jaati hai, par desh ki raksha karna hamara farz hai????????????.",,,,,,,,,,,,,,,,
compassion,Yuddha ke karan peedit logon ki madad ke liye har sambhav koshish karoonga.,,,,,,,,,,,,,,,,
compassion,Is yuddha mein peedit logon ki madad karna hamara insaaniyat hai.,,,,,,,,,,,,,,,,
hope,"Yuddha khatam hoga aur shaanti bahal hogi, is umeed se jee rahaa hoon.??????????????????",,,,,,,,,,,,,,,,
hope,Is yuddha ka ek din ant hoga aur desh mein shaanti aa jaayegi????.,,,,,,,,,,,,,,,,
gratitude,Yuddha ke karan apne desh ke liye kuch na kar paane ka gunaah mujhe hamesha khaayega????.,,,,,,,,,,,,,,,,
gratitude,Yuddha ke karan apne desh ke liye kuch na kar paane ka gunaah mujhe hamesha khaayega.,,,,,,,,,,,,,,,,
fear,FIs yudh mein itne saare masoomon ki jaan kyun ja rahi hai? Darr ka mahaul hai.,,,,,,,,,,,,,,,,
fear,Is yudh mein itne saare masoomon ki jaan kyun ja rahi hai? Darr ka mahaul hai. StopTheWar PrayForPeace,,,,,,,,,,,,,,,,
anger,"Is yudh ki hinsa aur atyachar se mujhe gussa aata hai. Ladenge, haar nahin maanenge! NeverBackDown AgainstInjustice",,,,,,,,,,,,,,,,
sadness,Yudh se ghar se beghar hokar logon ka dukh dekhkar dil bahut dukhta hai. WarTfearsApart HumanityCries,,,,,,,,,,,,,,,,
anxiety,"Is yudh ka kab khatam hoga, yeh sochkar chinta hoti hai. AnxiousThoughts EndTheConflict",,,,,,,,,,,,,,,,
shame,Is yudh mein hui hinsa aur atyachar ke liye mujhe sharm aati hai. Sudharne ki zarurat hai. shamefulWar ReflectAndChange,,,,,,,,,,,,,,,,
guilt,Is yudh ke karan desh ke liye kuch nahi kar paane ka gunaah mujhe hamesha khaata hai. guiltTrip WishICouldHelp,,,,,,,,,,,,,,,,
anxiety,"Har samay yeh sochkar ki yudh kab khatam hoga, hamare dimaag mein ek chinta si bani rahti hai. ??",,,,,,,,,,,,,,,,
gratitude,"In the midst of conflict, expressing gratitude for those advocating peace becomes even more crucial. ??",,,,,,,,,,,,,,,,
fear,The fear of environmental degradation due to war haunts us. The scars on nature are too heavy to bfear. ??,,,,,,,,,,,,,,,,
fear,The increasing threat to public safety as war drums beat fills our hfearts with fear. Innocent lives stand on the edge. ??,,,,,,,,,,,,,,,,
anger,"The anger towards those who neglect public safety during war is justified. Lives are at stake, and it's infuriating. ??",,,,,,,,,,,,,,,,
anger,The violence and atrocities in war fuel my anger. We must stand against injustice and fight for a peaceful world. ??,,,,,,,,,,,,,,,,
sadness,Witnessing the environmental consequences of war brings deep sadness. Nature's beauty tarnished leaves a profound ache. ??,,,,,,,,,,,,,,,,
sadness,The sorrow of neglecting public safety during war is a stain on society. Lives lost and order breakdown weigh heavy. ??,,,,,,,,,,,,,,,,
anxiety,The uncertainty of economic stability during war adds to our collective anxiety. Financial losses loom large. ??,,,,,,,,,,,,,,,,
anxiety,anxiety grips us as we ponder over the uncertain economic aftermath of war. The financial toll is a significant concern. ??,,,,,,,,,,,,,,,,
shame,"Neglecting public safety during war brings a deep sense of shame. Lives are at stake, and this negligence is disgraceful. ??",,,,,,,,,,,,,,,,
shame,The violence and atrocities in war bring shame. It's time for fear and change to build a more humane society. ?????,,,,,,,,,,,,,,,,
guilt,The guilt of not being able to do more for our country during war is a burden that will linger. We all wish we could do more. ??,,,,,,,,,,,,,,,,
guilt,The guilt of not being able to stop this war weighs heavy. It's a constant reminder of our collective responsibility. ??,,,,,,,,,,,,,,,,
hopelessness,"The hopelessness in the face of war's devastation is profound. It seems like there's no end in sight, leaving us despondent. ??",,,,,,,,,,,,,,,,
hopelessness,The never-ending cycle of war creates a sense of hopelessness. The world needs a collective effort for a lasting solution. ??,,,,,,,,,,,,,,,,
sadness,Yudh ke asar ka dukh humare dil mein bana rehta hai jab hum jeevan ki haani aur jagahon ki tabahi ka shok manaate hain. ?? sadness WarTfearsApart,,,,,,,,,,,,,,,,
sadness,Yudh ke asar ka dukh humare dil mein bana rehta hai jab hum jeevan ki haani aur jagahon ki tabahi ka shok manaate hain. ?? sadness LossOfJoy,,,,,,,,,,,,,,,,
anxiety,"Yudh ka kab khatam hoga, yeh chinta har samay satati rahti hai. Kab tak chalega yeh aatank? ?? anxiety EndTheConflict",,,,,,,,,,,,,,,,
anxiety,"Yudh ka astitva, anant hai. Har kadam par naye dukh aur niraasha ka samna. ?? anxiety InfiniteTurmoil NoEndInSight",,,,,,,,,,,,,,,,
shame,Yudh mein hui hinsa aur atyacharon ke liye mujhe sharm aati hai. Sudharne ki zarurat hai. ?? shame ReflectAndChange,,,,,,,,,,,,,,,,
shame,Is yudh mein hui hinsa aur atyacharon ke liye mujhe sharm aati hai. Sudharne ki zarurat hai. ?? shamefulWar ReflectAndChange,,,,,,,,,,,,,,,,
hopelessness,"Is yudh ka koi ant nahi dikhai deta, yeh niraasha bhari hai. NoEndInSight hopeless??????????????????????????",,,,,,,,,,,,,,,,
frustration,Yudh ki tabahi aur barbaadi ko dekhkar gussa aata hai. FrustratedHfeart EndTheChaos,,,,,,,,,,,,,,,,
disgust,Yudh mein hui kroorta se mujhe ghin aati hai. Wardisgust StopTheCarnage: ????,,,,,,,,,,,,,,,,
grief,"Apnon ko khone ka dukh sahana mushkil hai. Is yudh mein itne logon ki jaan chali gayi, yeh sochkar dukh hota hai. Wargrief LossIsDeep????",,,,,,,,,,,,,,,,
empathy,Is yudh ke peedit logon ke prati sahanubhuti rakhta hoon. empathyInAction StandWithTheAffected????????????????,,,,,,,,,,,,,,,,
resilience,"Mushkil samay mein bhi haar nahi manunga, har mushkil ko sahne ka iraada hai. resilience StayStrong",,,,,,,,,,,,,,,,
compassion,Yudh ke beech me rah kar peedit logon ki madad karna hamara insaani farz hai. compassionForAll HelpingHands,,,,,,,,,,,,,,,,
hope,"Andhere mein bhi, mujhe ummeed hai ki yeh yudh khatam hoga aur shaanti ayegi. hopeForPeace BelieveInTheFuture",,,,,,,,,,,,,,,,
fear,Is yudh mein itne saare masoomon ki jaan kyun ja rahi hai? Darr ka mahaul hai. StopTheWar PrayForPeace,,,,,,,,,,,,,,,,
anger,"Is yudh ki hinsa aur atyachar se mujhe gussa aata hai. Ladenge, haar nahin maanenge! NeverBackDown AgainstInjustice",,,,,,,,,,,,,,,,
sadness,Yudh se ghar se beghar hokar logon ka dukh dekhkar dil bahut dukhta hai. WarTfearsApart HumanityCries????????,,,,,,,,,,,,,,,,
anxiety,"Is yudh ka kab khatam hoga, yeh sochkar chinta hoti hai. AnxiousThoughts EndTheConflict??????",,,,,,,,,,,,,,,,
shame,Is yudh mein hui hinsa aur atyachar ke liye mujhe sharm aati hai. Sudharne ki zarurat hai. shamefulWar ReflectAndChange,,,,,,,,,,,,,,,,
guilt,Is yudh ke karan desh ke liye kuch nahi kar paane ka gunaah mujhe hamesha khaata hai. guiltTrip WishICouldHelp,,,,,,,,,,,,,,,,
hopelessness,"Is yudh ka koi ant nahi dikhai deta, yeh niraasha bhari hai. NoEndInSight hopeless?????????????????????????",,,,,,,,,,,,,,,,
frustration,Yudh ki tabahi aur barbaadi ko dekhkar gussa aata hai. FrustratedHfeart EndTheChaos????????????????,,,,,,,,,,,,,,,,
disgust,Yudh mein hui kroorta se mujhe ghin aati hai. Wardisgust StopTheCarnage: ????,,,,,,,,,,,,,,,,
grief,"Apnon ko khone ka dukh sahana mushkil hai. Is yudh mein itne logon ki jaan chali gayi, yeh sochkar dukh hota hai. Wargrief LossIsDeep??????????",,,,,,,,,,,,,,,,
empathy,Is yudh ke peedit logon ke prati sahanubhuti rakhta hoon. empathyInAction StandWithTheAffected,,,,,,,,,,,,,,,,
resilience,"Mushkil samay mein bhi haar nahi manunga, har mushkil ko sahne ka iraada hai. resilience StayStrong",,,,,,,,,,,,,,,,
compassion,Yudh ke beech me rah kar peedit logon ki madad karna hamara insaani farz hai. compassionForAll HelpingHands,,,,,,,,,,,,,,,,
hope,"Andhere mein bhi, mujhe ummeed hai ki yeh yudh khatam hoga aur shaanti ayegi. hopeForPeace BelieveInTheFuture",,,,,,,,,,,,,,,,
gratitude,Shaanti ka anand uthaate hain aur ek behtar duniya ke liye yogdan dene ka jimmedaari nibhaate hain. gratitude PeacefulWorld,,,,,,,,,,,,,,,,
fear,Yudh mein itne saare masoomon ki jaan ja rahi hai. Kyun? Darr ka mahaul hai. StopTheWar PrayForPeace,,,,,,,,,,,,,,,,
anger,"Yudh ki hinsa aur atyachar se gussa hai. Ladenge, haar nahin maanenge! NeverBackDown AgainstInjustice",,,,,,,,,,,,,,,,
sadness,Yudh se ghar se beghar hokar logon ka dukh dekhkar dil bahut dukhta hai. WarTfearsApart HumanityCries,,,,,,,,,,,,,,,,
anxiety,"Yudh ka kab khatam hoga, yeh sochkar chinta hoti hai. AnxiousThoughts EndTheConflict",,,,,,,,,,,,,,,,
shame,Yudh mein hui hinsa aur atyachar ke liye sharm aati hai. Sudharne ki zarurat hai. shamefulWar ReflectAndChange,,,,,,,,,,,,,,,,
guilt,Yudh ke karan desh ke liye kuch nahi kar paane ka gunaah hamesha khaata hai. guiltTrip WishICouldHelp,,,,,,,,,,,,,,,,
hopelessness,"Yudh ka koi ant nahi dikhai deta, yeh niraasha bhari hai. NoEndInSight hopeless????????????????????",,,,,,,,,,,,,,,,
frustration,Yudh ki tabahi aur barbaadi ko dekhkar gussa aata hai. FrustratedHfeart EndTheChaos,,,,,,,,,,,,,,,,
disgust,Yudh mein hui kroorta se ghin aati hai. Wardisgust StopTheCarnage: ????,,,,,,,,,,,,,,,,
grief,"Apnon ko khone ka dukh sahana mushkil hai. Is yudh mein itne logon ki jaan chali gayi, yeh sochkar dukh hota hai. Wargrief LossIsDeep ??????????????????",,,,,,,,,,,,,,,,
empathy,Is yudh ke peedit logon ke prati sahanubhuti rakhta hoon. empathyInAction StandWithTheAffected??????????????????,,,,,,,,,,,,,,,,
resilience,"Mushkil samay mein bhi haar nahi manunga, har mushkil ko sahne ka iraada hai. resilience StayStrong????",,,,,,,,,,,,,,,,
compassion,Yudh ke beech me rah kar peedit logon ki madad karna hamara insaani farz hai. compassionForAll HelpingHands,,,,,,,,,,,,,,,,
hope,"Andhere mein bhi, mujhe ummeed hai ki yeh yudh khatam hoga aur shaanti ayegi. hopeForPeace BelieveInTheFuture",,,,,,,,,,,,,,,,
gratitude,Shaanti ka anand uthaate hain aur ek behtar duniya ke liye yogdan dene ka jimmedaari nibhaate hain. gratitude PeacefulWorld,,,,,,,,,,,,,,,,
fear,"Yudh ka koi ant nahi dikhai deta, yeh niraasha bhari hai. NoEndInSight hopeless",,,,,,,,,,,,,,,,
anger,"Har din, yudh ka ant door hota ja raha hai, aur iske saath hi niraasha bhi gehri ho rahi hai. DespairDeepens NoEndInSight",,,,,,,,,,,,,,,,
sadness,"Yudh ka chakra ghoomta ja raha hai, ant ka koi pata nahi. No light at the end of the tunnel. EndlessConflict hopeless",,,,,,,,,,,,,,,,
anxiety,"Yudh ka astitva, anant hai. Har kadam par naye dukh aur niraasha ka samna. InfiniteTurmoil NoEndInSight",,,,,,,,,,,,,,,,
shame,"Andhere mein, yudh ka koi ant nahi dikh raha. Har taraf sirf andhera hai. DarkHorizons hopelessReality",,,,,,,,,,,,,,,,
guilt,"Yudh ka silsila chalta hi ja raha hai, ant ka koi asha nahi hai. PerpetualChaos hopelessCycle",,,,,,,,,,,,,,,,
hopelessness,"Yudh ki haqeeqat mein, khatam hone ka koi sanket nahi hai. Strife that never seems to end. NeverEndingStrife hopelessReality???????????????",,,,,,,,,,,,,,,,
frustration,"Yudh ka samay badal raha hai, lekin uske ant ka koi ishara nahi. EternalTurbulence NoEndInSight",,,,,,,,,,,,,,,,
disgust,"Yudh ke chakkar mein, dard aur dukh ka koi ant nahi. UnendingAgony hopelessReality: ????",,,,,,,,,,,,,,,,
empathy,"Har din, yudh ke karan aur suffering ka silsila badhta hi ja raha hai. PersistingSuffering NoEndInSight",,,,,,,,,,,,,,,,
hope,"Yudh ke karan, sunsaan bhoomi ka drishya humein dikhaai deta hai. ContinuousDesolation hopelessScenario",,,,,,,,,,,,,,,,
fear,"Yudh ka koi ant nahi dikhai deta, yeh niraasha bhari hai. NoEndInSight hopeless",,,,,,,,,,,,,,,,
anger,"Har din, yudh ka ant door hota ja raha hai, aur iske saath hi niraasha bhi gehri ho rahi hai. DespairDeepens NoEndInSight",,,,,,,,,,,,,,,,
sadness,"Yudh ka chakra ghoomta ja raha hai, ant ka koi pata nahi. No light at the end of the tunnel. EndlessConflict hopeless",,,,,,,,,,,,,,,,
anxiety,"Yudh ka astitva, anant hai. Har kadam par naye dukh aur niraasha ka samna. InfiniteTurmoil NoEndInSight",,,,,,,,,,,,,,,,
shame,"Andhere mein, yudh ka koi ant nahi dikh raha. Har taraf sirf andhera hai. DarkHorizons hopelessReality",,,,,,,,,,,,,,,,
guilt,"Yudh ka silsila chalta hi ja raha hai, ant ka koi asha nahi hai. PerpetualChaos hopelessCycle",,,,,,,,,,,,,,,,
hopelessness,"Yudh ki haqeeqat mein, khatam hone ka koi sanket nahi hai. Strife that never seems to end. NeverEndingStrife hopelessReality",,,,,,,,,,,,,,,,
frustration,"Yudh ka samay badal raha hai, lekin uske ant ka koi ishara nahi. EternalTurbulence NoEndInSight",,,,,,,,,,,,,,,,
disgust,"Yudh ke chakkar mein, dard aur dukh ka koi ant nahi. UnendingAgony hopelessReality",,,,,,,,,,,,,,,,
empathy,"Har din, yudh ke karan aur suffering ka silsila badhta hi ja raha hai. PersistingSuffering NoEndInSight????????????????",,,,,,,,,,,,,,,,
hope,"Yudh ke karan, sunsaan bhoomi ka drishya humein dikhaai deta hai. ContinuousDesolation hopelessScenario",,,,,,,,,,,,,,,,
fear,"Har kona har pal yudh se bhara hai, iska ant kyun nahi aata? fearOfEndlessConflict hopelessReality",,,,,,,,,,,,,,,,
anger,"Yudh ke atyachaaron se mera khoon garam ho raha hai. Ladenge, haar nahin maanenge! NeverBackDown AgainstInjustice",,,,,,,,,,,,,,,,
sadness,"Yudh ne ghar se beghar kar diya hai, logon ko dukhi aur tuti hui zindagi mein chhod diya hai. WarTfearsApart HumanityCries",,,,,,,,,,,,,,,,
anxiety,"Yudh ka kab khatam hoga, yeh sochkar chinta hoti hai. AnxiousThoughts EndTheConflict",,,,,,,,,,,,,,,,
shame,Yudh mein hui hinsa aur atyachar ke liye mujhe sharm aati hai. Sudharne ki zarurat hai. shamefulWar ReflectAndChange,,,,,,,,,,,,,,,,
guilt,Yudh ke karan desh ke liye kuch nahi kar paane ka gunaah mujhe hamesha khaata hai. guiltTrip WishICouldHelp,,,,,,,,,,,,,,,,
hopelessness,"Yudh ka koi ant nahi dikhai deta, yeh niraasha bhari hai. NoEndInSight hopeless",,,,,,,,,,,,,,,,
frustration,Yudh ki tabahi aur barbaadi ko dekhkar gussa aati hai. FrustratedHfeart EndTheChaos,,,,,,,,,,,,,,,,
disgust,Yudh mein hui kroorta se mujhe ghin aati hai. Wardisgust StopTheCarnage,,,,,,,,,,,,,,,,
empathy,Yudh ke peedit logon ke prati sahanubhuti rakhta hoon. empathyInAction StandWithTheAffected????????????????????,,,,,,,,,,,,,,,,
hope,"Andhere mein bhi, mujhe ummeed hai ki yeh yudh khatam hoga aur shaanti ayegi. hopeForPeace BelieveInTheFuture",,,,,,,,,,,,,,,,
fear,Yudh ne masoomon ki jaanen le li hai. Kyun? Darr ka mahaul hai. StopTheWar PrayForPeace,,,,,,,,,,,,,,,,
anger,"Yudh ka atyachaar bardaasht nahi hota. Ladenge, haar nahin maanenge! NeverSurrender AgainstInjustice",,,,,,,,,,,,,,,,
sadness,Yudh ke karan ghar-baar se beghar hue logon ka haal dekhkar bahut dukh hota hai. WarTfearsApart HumanityCries,,,,,,,,,,,,,,,,
anxiety,"Yudh kab khatam hoga, yeh chinta har samay satati rahti hai. AnxiousThoughts EndTheConflict",,,,,,,,,,,,,,,,
shame,Yudh mein hui hinsa aur atyachar ke liye mujhe sharm aati hai. Sudharne ki zarurat hai. shamefulWar ReflectAndChange,,,,,,,,,,,,,,,,
guilt,Yudh ke karan desh ke liye kuch nahi kar paane ka gunaah mujhe hamesha khaata hai. guiltTrip WishICouldHelp,,,,,,,,,,,,,,,,
hopelessness,"Yudh ka koi ant nahi dikhai deta, yeh niraasha bhari hai. NoEndInSight hopeless???????????????",,,,,,,,,,,,,,,,
fear,Duniya bhar ke yudh se humare bachon ki shiksha aur unki bhavishya mein bada prashna uthta hai. Kaise khatam hoga yeh andhere ka kal?,,,,,,,,,,,,,,,,
fear,Yudh se pehle vidyarthiyon ko surakshit rakhna mushkil ho jata hai. Education ko protect karna hamara zimmedaari hai.,,,,,,,,,,,,,,,,
anger,"Yudh ke karan, naye scientific discoveries aur resfearch ka development rok jata hai. Isse humara future bhi affect hota hai.",,,,,,,,,,,,,,,,
anger,Yudh mein shiksha aur science ka sabse bada nuksan hota hai. Desh ko nuksan hota hai jab hamare scientists ko yeh zarurat hoti hai.,,,,,,,,,,,,,,,,
sadness,"Yudh ke karan, schools band ho jaate hain, aur bachon ka basic education ka haq cheen jata hai. Yeh dil ko bahut dukhaata hai.",,,,,,,,,,,,,,,,
sadness,Yudh se peedit logon ki seva mein nahi lagne ki wajah se humein ek majboor afsos hota hai.,,,,,,,,,,,,,,,,
anxiety,Yudh ka chakkar lagataar humare health systems ko affect karta hai. Emergency situations ko tackle karna aur bhi mushkil ho jata hai.,,,,,,,,,,,,,,,,
anxiety,"Yudh ki wajah se healthcare professionals ki mental health par bhi bohot bura asar padta hai. Hum inke saath hai, unka samarthan karte hain.",,,,,,,,,,,,,,,,
shame,"Yudh se environment ko bhi bohot nuksan hota hai. Jalvaayu parivartan aur pradooshan ka badhna, yeh sab iska hissa hai.",,,,,,,,,,,,,,,,
shame,Yudh ke chakkar mein environment ko preserve karne ki zarurat samajhna humara moral farz hai.,,,,,,,,,,,,,,,,
guilt,"Yudh ke wajah se bahut si zindagiyan khoyi jaati hain, isse humein guilt hoti hai ki hum kuch nahi kar paaye.",,,,,,,,,,,,,,,,
guilt,Yudh mein shaamil hokar humein lagta hai ki hum apne saathiyon ki madad nahi kar rahe hain.,,,,,,,,,,,,,,,,
hopelessness,"Yudh ka ant nahi dikh raha, aur iske karan humein lagta hai ki humara future insecure hai.???????????????",,,,,,,,,,,,,,,,
hopelessness,"Yudh ke karan humein lagta hai ki koi bhi prayaas bekaar hai, kyun ki situation ka control hi nahi ho raha.??????????????????",,,,,,,,,,,,,,,,
frustration,"Yudh ke karan, scientific progress mein rukawat aati hai. Humare scientists aur resfearchers ko milne wala samarthan nahi mil pata.",,,,,,,,,,,,,,,,
frustration,Yudh se pehle ek behtar kal ki planning aur development ko rok deti hai. frustration ka izhaar karna banta hai.,,,,,,,,,,,,,,,,
disgust,"Yudh se logon ki zindagiyaan toot jaati hain, aur ismein kisi bhi level ka jazbaat dikhaana humara ghinna dilata ha: ????i.",,,,,,,,,,,,,,,,
disgust,"Yudh ke karan, humare hospitals aur healthcare facilities ka infrastructure bhi tabah ho jaata hai: ????.",,,,,,,,,,,,,,,,
grief,"Yudh se pehle aur uske dauran, humare logon ki jaan jaati hai. Yeh dukh bhara haq hai, jise hum kabhi nahi bhool sakte.",,,,,,,,,,,,,,,,
grief,Yudh mein apnon ko khona aur unka dukh dekhna humara dil behad dukhaata hai.,,,,,,,,,,,,,,,,
empathy,"Yudh se peedit logon ke prati hamara samvedana bhara hai. Unke saath hum khade hain, aur unki madad karte hain.????????????????????",,,,,,,,,,,,,,,,
empathy,"Yudh ke victims ke liye empathy dikhana, ek insaniyat ka farz hai.??????????",,,,,,,,,,,,,,,,
resilience,"Mushkil samay mein bhi, humein apni resilience aur determination dikhani chahiye. Yudh ka saamna karke hum aage badh sakte hain.????",,,,,,,,,,,,,,,,
resilience,"Yudh ke bavjood, humein khud ko strong aur resilient dikhana hoga, taaki humare desh mein hope bani rahe.????????",,,,,,,,,,,,,,,,
compassion,"Yudh ke victims ke liye compassion dikhana, humara moral responsibility hai.",,,,,,,,,,,,,,,,
compassion,Yudh se peedit logon ki madad karna humara insaani farz hai. Humara ek chhota sa yogdan unke liye bada farak la sakta hai.,,,,,,,,,,,,,,,,
hope,"Andhere mein bhi, humein ek doosre ke saath milke kaam karna hoga, taaki humara ek behtar aur peaceful future ho.",,,,,,,,,,,,,,,,
hope,Hummein yeh vishwaas hai ki hum apne efforts aur sahayata se yudh se mukti paayenge.,,,,,,,,,,,,,,,,
gratitude,Yudh se door rehne ka shukriya ada karna chahiye. Humein shaanti aur suraksha ka anand uthana chahiye.,,,,,,,,,,,,,,,,
gratitude,"Hamare paas shaanti aur suraksha ka bahut bada tohfa hai, aur humein iske liye hamesha krutagn rahna chahiye.",,,,,,,,,,,,,,,,
fear,Duniya bhar ke yudh se humare bachon ki shiksha aur unki bhavishya mein bada prashna uthta hai. Kaise khatam hoga yeh andhere ka kal?,,,,,,,,,,,,,,,,
fear,Yudh se pehle vidyarthiyon ko surakshit rakhna mushkil ho jata hai. Education ko protect karna hamara zimmedaari hai.,,,,,,,,,,,,,,,,
anger,"Yudh ke karan, naye scientific discoveries aur resfearch ka development rok jata hai. Isse humara future bhi affect hota hai.",,,,,,,,,,,,,,,,
anger,Yudh mein shiksha aur science ka sabse bada nuksan hota hai. Desh ko nuksan hota hai jab hamare scientists ko yeh zarurat hoti hai.,,,,,,,,,,,,,,,,
sadness,"Yudh ke karan, schools band ho jaate hain, aur bachon ka basic education ka haq cheen jata hai. Yeh dil ko bahut dukhaata hai.",,,,,,,,,,,,,,,,
sadness,Yudh se peedit logon ki seva mein nahi lagne ki wajah se humein ek majboor afsos hota hai.,,,,,,,,,,,,,,,,
anxiety,Yudh ka chakkar lagataar humare health systems ko affect karta hai. Emergency situations ko tackle karna aur bhi mushkil ho jata hai.,,,,,,,,,,,,,,,,
anxiety,"Yudh ki wajah se healthcare professionals ki mental health par bhi bohot bura asar padta hai. Hum inke saath hai, unka samarthan karte hain.",,,,,,,,,,,,,,,,
shame,"Yudh se environment ko bhi bohot nuksan hota hai. Jalvaayu parivartan aur pradooshan ka badhna, yeh sab iska hissa hai.",,,,,,,,,,,,,,,,
shame,Yudh ke chakkar mein environment ko preserve karne ki zarurat samajhna humara moral farz hai.,,,,,,,,,,,,,,,,
guilt,"Yudh ke wajah se bahut si zindagiyan khoyi jaati hain, isse humein guilt hoti hai ki hum kuch nahi kar paaye.",,,,,,,,,,,,,,,,
guilt,Yudh mein shaamil hokar humein lagta hai ki hum apne saathiyon ki madad nahi kar rahe hain.,,,,,,,,,,,,,,,,
hopelessness,"Yudh ka ant nahi dikh raha, aur iske karan humein lagta hai ki humara future insecure hai.???????????",,,,,,,,,,,,,,,,
hopelessness,"Yudh ke karan humein lagta hai ki koi bhi prayaas bekaar hai, kyun ki situation ka control hi nahi ho raha.???????????",,,,,,,,,,,,,,,,
frustration,"Yudh ke karan, scientific progress mein rukawat aati hai. Humare scientists aur resfearchers ko milne wala samarthan nahi mil pata.",,,,,,,,,,,,,,,,
frustration,Yudh se pehle ek behtar kal ki planning aur development ko rok deti hai. frustration ka izhaar karna banta hai.,,,,,,,,,,,,,,,,
disgust,": ????Yudh se logon ki zindagiyaan toot jaati hain, aur ismein kisi bhi level ka jazbaat dikhaana humara ghinna dilata hai.",,,,,,,,,,,,,,,,
disgust,"Yudh ke karan, humare hospitals aur healthcare facilities ka infrastructure bhi tabah ho jaata hai: ????.",,,,,,,,,,,,,,,,
grief,"Yudh se pehle aur uske dauran, humare logon ki jaan jaati hai. Yeh dukh bhara haq hai, jise hum kabhi nahi bhool sakte ??????????????????.",,,,,,,,,,,,,,,,
grief,Yudh mein apnon ko khona aur unka dukh dekhna humara dil behad dukhaata hai.,,,,,,,,,,,,,,,,
empathy,"Yudh se peedit logon ke prati hamara samvedana bhara hai. Unke saath hum khade hain, aur unki madad karte hain.????????????????",,,,,,,,,,,,,,,,
empathy,"Yudh ke victims ke liye empathy dikhana, ek insaniyat ka farz hai.????????????",,,,,,,,,,,,,,,,
resilience,"Mushkil samay mein bhi, humein apni resilience aur determination dikhani chahiye. Yudh ka saamna karke hum aage badh sakte hain.????????",,,,,,,,,,,,,,,,
resilience,"Yudh ke bavjood, humein khud ko strong aur resilient dikhana hoga, taaki humare desh mein hope bani rahe????????.",,,,,,,,,,,,,,,,
compassion,"Yudh ke victims ke liye compassion dikhana, humara moral responsibility hai.",,,,,,,,,,,,,,,,
compassion,Yudh se peedit logon ki madad karna humara insaani farz hai. Humara ek chhota sa yogdan unke liye bada farak la sakta hai.,,,,,,,,,,,,,,,,
hope,"Andhere mein bhi, humein ek doosre ke saath milke kaam karna hoga, taaki humara ek behtar aur peaceful future ho???????????????",,,,,,,,,,,,,,,,
hope,Hummein yeh vishwaas hai ki hum apne efforts aur sahayata se yudh se mukti paayenge.??????????????,,,,,,,,,,,,,,,,
gratitude,Yudh se door rehne ka shukriya ada karna chahiye. Humein shaanti aur suraksha ka anand uthana chahiye.,,,,,,,,,,,,,,,,
fear,Bachon ka education aur future war ke khatre mein hai. Kaise bachayein inhein is khatraat se?,,,,,,,,,,,,,,,,
fear,Shiksha ka adhikaar yudh ke aghaat se sabse zyada prabhavit hota hai. Kaise surakshit rakh sakte hain hum is mahaabharat ke dauran?,,,,,,,,,,,,,,,,
anger,Yudh ne humare scientific advancements ko rok diya hai. anger is the rightful reaction jab knowledge aur progress ka rasta roka jata hai.,,,,,,,,,,,,,,,,
anger,"Yudh ke kaaran, scientists apne innovations par dhyan nahi de sakte hain. Yeh gussa dilata hai ki kitni mehnat bekaar gayi.",,,,,,,,,,,,,,,,
sadness,"Yudh ke asar se schools band ho jaate hain, jisse bachon ka basic education chhin jaata hai. Dil ko choo jaane wala dukh.",,,,,,,,,,,,,,,,
sadness,Yudh se peedit logon ki takleef dekh kar dil behad dukhta hai. Hum unke saath khade hain aur unke saath dukh mehsoos karte hain.,,,,,,,,,,,,,,,,
anxiety,War ki continue hone se health systems ko manage karna aur bhi mushkil ho jata hai. Emergency situations ka samna karna aur bhi complex ho jata hai.,,,,,,,,,,,,,,,,
anxiety,"Yudh ke chakkar mein healthcare professionals ka mental health bhi suffer karta hai. Hum unke saath hai, unka saath nibhane mein.",,,,,,,,,,,,,,,,
shame,Yudh se environment ko nuksan hota hai aur humein iske liye sharminda hona chahiye. Sudharne ka waqt aa gaya hai.,,,,,,,,,,,,,,,,
shame,"Yudh mein jo nuksan environment ko hota hai, uske liye humein sharminda hona chahiye. Humare planet ki suraksha hum sabki zimmedari hai.",,,,,,,,,,,,,,,,
guilt,Yudh mein hum kuch nahi kar paane ka gunaah humesha saath lekar chalta hai. Kaise badlaav la sakte hain ismein?,,,,,,,,,,,,,,,,
guilt,"Yudh ke dauran apne desh ke liye kuch na kar paana, yeh humein hamesha guilt mein daal dega. Kya hum isse seekh kar sudhar sakte hain?",,,,,,,,,,,,,,,,
hopelessness,"Yudh ka ant nahi dikhai deta, jisse ek sense of hopelessness banti hai. Bhavishya mein koi roshni nahi dikhai deti.",,,,,,,,,,,,,,,,
hopelessness,Yudh ke dauran humein lagta hai ki kuch bhi positive change nahi ho sakta. Yeh hopelessness ko aur bhi gehra banata hai.,,,,,,,,,,,,,,,,
frustration,"Scientific progress mein yudh ka asar dekh kar frustration hoti hai. Resfearch aur development mein rok lagna, yeh dil ko tod deta hai.",,,,,,,,,,,,,,,,
frustration,Yudh ke kaaran humare resfearchers ko apne innovative ideas ko pursue karne mein rukawat hoti hai. Yeh frustration ka kaaran banta hai.,,,,,,,,,,,,,,,,
disgust,Yudh ke kroor aur atyachari chehre se ghin aati hai. Yeh dekh kar humein asliyat ka pata chalta hai ki hum kyun iske khilaf hain.??????,,,,,,,,,,,,,,,,
disgust,Yudh ke dauran insaniyat se doori aur kroor harkatein dekh kar humein disgust hoti hai. Kaise hum in atrocities ko rok sakte hain???????,,,,,,,,,,,,,,,,
grief,"Apnon ko khone ka dukh humare liye insurmountable hota hai. Yudh ke dauran aur bhi zyada logon ka dukh dekhna, yeh humare dil ko choo leta hai ??????????????????.",,,,,,,,,,,,,,,,
grief,"Yudh mein apnon ko khona humare liye sabse bada dukh hai. Hum unke saath hai, aur humare duaayein unke saath hain ??????????????????.",,,,,,,,,,,,,,,,
empathy,"Yudh ke peedit logon ke prati humein empathy dikhana chahiye. Hum unke saath khade hain, aur unki madad karni hamara moral responsibility hai.????????????????",,,,,,,,,,,,,,,,
empathy,Yudh ke victims ke liye hamara empathy aur support hona zaroori hai. Unka saath dene se hum ek behtar samajh aur duniya ki taraf badh sakte hain.????????????????????,,,,,,,,,,,,,,,,
resilience,Mushkil samay mein bhi apni resilience dikhana hamara kaam hai. Yudh ke bawajood humein haar nahi manni chahiye.,,,,,,,,,,,,,,,,
resilience,Yudh ke dauran bhi apne aap ko strong dikhana aur har mushkil ko sahne ka iraada rakhna hamare liye zaroori hai??????????.,,,,,,,,,,,,,,,,
compassion,Yudh ke victims ke liye hamara compassion aur support dikhana hamara moral farz hai. Hum unke liye saath khade hain.,,,,,,,,,,,,,,,,
compassion,Yudh ke dauran peedit logon ki madad karna humara insaani farz hai. Aise mushkil samay mein ek doosre ki madad karna aur bhi zaroori hai.,,,,,,,,,,,,,,,,
hope,Yudh ke andhere mein bhi humein ek doosre ke saath milke kaam karna hai. ,,,,,,,,,,,,,,,,
fear,Yudh ka asar humare bacchon ke education par padta hai. Kaise inhein is bharat-yuddh se bachayein?,,,,,,,,,,,,,,,,
fear,Yudh se pehle shiksha ka adhikaar sabse zyada prabhavit hota hai. Kaise surakshit rakh sakte hain hum is mahaabharat ke dauran?,,,,,,,,,,,,,,,,
anger,Yudh se humare scientific advancements rok diye jaate hain. anger is the rightful reaction jab knowledge aur progress ka rasta roka jata hai.,,,,,,,,,,,,,,,,
anger,"Yudh ke kaaran, scientists apne innovations par dhyan nahi de sakte hain. Yeh gussa dilata hai ki kitni mehnat bekaar gayi.",,,,,,,,,,,,,,,,
sadness,"Yudh ke asar se schools band ho jaate hain, jisse bachon ka basic education chhin jaata hai. Dil ko choo jaane wala dukh.",,,,,,,,,,,,,,,,
sadness,Yudh se peedit logon ki takleef dekh kar dil behad dukhta hai. Hum unke saath khade hain aur unke saath dukh mehsoos karte hain.,,,,,,,,,,,,,,,,
anxiety,War ki continue hone se health systems ko manage karna aur bhi mushkil ho jata hai. Emergency situations ka samna karna aur bhi complex ho jata hai.,,,,,,,,,,,,,,,,
anxiety,"Yudh ke chakkar mein healthcare professionals ka mental health bhi suffer karta hai. Hum unke saath hai, unka saath nibhane mein.",,,,,,,,,,,,,,,,
shame,Yudh se environment ko nuksan hota hai aur humein iske liye sharminda hona chahiye. Sudharne ka waqt aa gaya hai.,,,,,,,,,,,,,,,,
shame,"Yudh mein jo nuksan environment ko hota hai, uske liye humein sharminda hona chahiye. Humare planet ki suraksha hum sabki zimmedari hai.",,,,,,,,,,,,,,,,
guilt,Yudh mein hum kuch nahi kar paane ka gunaah humesha saath lekar chalta hai. Kaise badlaav la sakte hain ismein?,,,,,,,,,,,,,,,,
guilt,"Yudh ke dauran apne desh ke liye kuch na kar paana, yeh humein hamesha guilt mein daal dega. Kya hum isse seekh kar sudhar sakte hain?",,,,,,,,,,,,,,,,
hopelessness,"Yudh ka ant nahi dikhai deta, jisse ek sense of hopelessness banti hai. Bhavishya mein koi roshni nahi dikhai deti.",,,,,,,,,,,,,,,,
hopelessness,Yudh ke dauran humein lagta hai ki kuch bhi positive change nahi ho sakta. Yeh hopelessness ko aur bhi gehra banata hai.,,,,,,,,,,,,,,,,
frustration,"Scientific progress mein yudh ka asar dekh kar frustration hoti hai. Resfearch aur development mein rok lagna, yeh dil ko tod deta hai.",,,,,,,,,,,,,,,,
frustration,Yudh ke kaaran humare resfearchers ko apne innovative ideas ko pursue karne mein rukawat hoti hai. Yeh frustration ka kaaran banta hai.,,,,,,,,,,,,,,,,
disgust,Yudh ke kroor aur atyachari chehre se ghin aati hai. Yeh dekh kar humein asliyat ka pata chalta hai ki hum kyun iske khilaf hain??????.,,,,,,,,,,,,,,,,
disgust,Yudh ke dauran insaniyat se doori aur kroor harkatein dekh kar humein disgust hoti hai. Kaise hum in atrocities ko rok sakte hain???????,,,,,,,,,,,,,,,,
grief,"Apnon ko khone ka dukh humare liye insurmountable hota hai. Yudh ke dauran aur bhi zyada logon ka dukh dekhna, yeh humare dil ko choo leta hai ?????????????.",,,,,,,,,,,,,,,,
grief,"Yudh mein apnon ko khona humare liye sabse bada dukh hai. Hum unke saath hai, aur humare duaayein unke saath hain ????????????",,,,,,,,,,,,,,,,
empathy,"Yudh ke peedit logon ke prati humein empathy dikhana chahiye. Hum unke saath khade hain, aur unki madad karni hamara moral responsibility hai.??????",,,,,,,,,,,,,,,,
empathy,Yudh ke victims ke liye hamara empathy aur support hona zaroori hai. Unka saath dene se hum ek????????????????,,,,,,,,,,,,,,,,
fear,Kya hume lagta hai ki ek world war hone par humare public health system ko handle karne mein mushkil hogi?,,,,,,,,,,,,,,,,
fear,War ke baad environment degradation ko lekar dar ka mahaul bana rahega. Kaise isse roka ja sakta hai?,,,,,,,,,,,,,,,,
anger,Humare public health system par war ka asar dekhkar gussa aata hai. Kaise is parivartan ko la sakte hain?,,,,,,,,,,,,,,,,
anger,Environment degradation ke baare mein sochkar hume gussa aata hai. War ki wajah se yeh kyun ho raha hai?,,,,,,,,,,,,,,,,
sadness,World war ke baad public health system ki halat dekhkar dil bahut dukhta hai. Kaise is situation ko sudhar sakte hain?,,,,,,,,,,,,,,,,
sadness,"Environmental damage se humare resources kamjor ho rahe hain, yeh dekhkar dil bahut dukhta hai. Kya hum is par rok laga sakte hain?",,,,,,,,,,,,,,,,
anxiety,Kya humare public health professionals ko war ke aftermath ko handle karne mein kathinai hogi?,,,,,,,,,,,,,,,,
anxiety,Soch kar hume chinta hoti hai ki environment degradation ke baad humare future generations kaise jee payenge?,,,,,,,,,,,,,,,,
shame,War ke baad public health system ki kharabi ke liye hume sharm aati hai. Kaise is par sudhar la sakte hain?,,,,,,,,,,,,,,,,
shame,Environmental damage ke liye hume sharm aati hai. Kaise hum is par rok laga sakte hain?,,,,,,,,,,,,,,,,
guilt,War ke baad public health system mein kuch na kar paane ka gunaah humesha khaata rahega. Kya hum sudhar la sakte hain?,,,,,,,,,,,,,,,,
guilt,Environmental degradation ke karan desh ke liye kuch na kar paane ka gunaah humesha khaayega. Kaise hum is par rok laga sakte hain?,,,,,,,,,,,,,,,,
hopelessness,World war ke aftermath mein public health system ko lekar koi ant nahi dikhai deta. Kaise hum is situation ko sudhar sakte hain????????????,,,,,,,,,,,,,,,,
hopelessness,Environment degradation ke baare mein sochkar humein niraasha mahsoos hoti hai. Kya is par koi sudhar la sakte hain????????????,,,,,,,,,,,,,,,,
frustration,War ke baad public health system ko dekhkar gussa aata hai. Kaise hum is situation ko sudhar sakte hain?,,,,,,,,,,,,,,,,
frustration,Environmental degradation ko dekhkar gussa aata hai. War ki wajah se humare natural resources kyun kam ho rahe hain?,,,,,,,,,,,,,,,,
disgust,War ke aftermath mein public health system ki kharabi se humein ghin aati hai. Kaise hum is parivartan ko la sakte hain???????,,,,,,,,,,,,,,,,
disgust,Environmental damage se humein ghin aati hai. Kaise hum is situation ko sudhar sakte hain???????,,,,,,,,,,,,,,,,
grief,"Public health system ke kharab hone se logon ko pareshani hoti hai, yeh dekhkar dil bahut dukhta hai. Kaise hum is parivartan ko la sakte hain?",,,,,,,,,,,,,,,,
grief,Environmental degradation se humare natural habitats ko khone ka dukh sahana mushkil hai. Kaise hum is par rok laga sakte hain?,,,,,,,,,,,,,,,,
empathy,War ke aftermath mein public health professionals ke prati hamari sahanubhuti hai. Kaise hum unki madad kar sakte hain???????????,,,,,,,,,,,,,,,,
empathy,Environmental damage ke victims ke prati hamari sahanubhuti hai. Kaise hum unki madad kar sakte hain???????????,,,,,,,,,,,,,,,,
resilience,"Public health system ko sudharne mein haar nahi manenge, yeh iraada zaroori hai.",,,,,,,,,,,,,,,,
resilience,"Environmental degradation ke khilaf ladne mein haar nahi manenge, yeh iraada zaroori hai.",,,,,,,,,,,,,,,,
compassion,Public health system ko sudharne ke liye humein ek dusre ki madad karni chahiye.,,,,,,,,,,,,,,,,
compassion,Environmental damage ko rokne ke liye humein ek dusre ki madad karni chahiye.,,,,,,,,,,,,,,,,
hope,"Despite the challenges, humein ummeed hai ki hum public health system ko sudhar sakte hain.",,,,,,,,,,,,,,,,
hope,Humare efforts se hum environment degradation ko rok sakte hain.,,,,,,,,,,,,,,,,
fear,Kya hume lagta hai ki world war ke aftermath mein humara environment degradation ka samna karna padega?,,,,,,,,,,,,,,,,
fear,"War ke baad environment degradation se humein kitna nuksan hoga, iske bare mein dar lagta hai. Kya hum is par rok laga sakte hain?",,,,,,,,,,,,,,,,
anger,World war ke aftermath mein environment degradation ka sabse bada karan war hi hai. Humein is par gussa aata hai.,,,,,,,,,,,,,,,,
anger,"Environmental damage ki wajah se humare natural resources kamzor ho rahe hain, is baat se gussa aata hai. Kaise hum is par rok sakte hain?",,,,,,,,,,,,,,,,
sadness,War ke aftermath mein environment degradation dekhkar dil bahut dukhta hai. Kaise hum is situation ko sudhar sakte hain?,,,,,,,,,,,,,,,,
sadness,Environmental degradation se humare natural habitats ko khone ka dukh sahana mushkil hai. Kaise hum is par rok laga sakte hain?,,,,,,,,,,,,,,,,
anxiety,Kya humare future generations ko environment degradation ke consequences se bacha ja sakta hai?,,,,,,,,,,,,,,,,
anxiety,Soch kar humein chinta hoti hai ki war ke aftermath mein environment degradation humare future ko kaise prabhavit karega.,,,,,,,,,,,,,,,,
shame,World war ke aftermath mein environment degradation ke liye humein sharm aati hai. Kaise hum is par rok laga sakte hain?,,,,,,,,,,,,,,,,
shame,"Environmental damage ko rokne mein humare kuch efforts kamzor pad rahe hain, is baat par humein sharm aati hai. Kaise hum is par sudhar la sakte hain?",,,,,,,,,,,,,,,,
guilt,Kya humare actions se world war aur uske aftermath mein hone wale environmental damage ka koi yogdan hai?,,,,,,,,,,,,,,,,
guilt,Environmental degradation ko dekhkar humein apne actions ke liye guilt mahsoos hoti hai. Kaise hum is par rok laga sakte hain?,,,,,,,,,,,,,,,,
hopelessness,"World war ke aftermath mein environment degradation ko rokna mushkil lag raha hai, is wajah se humein hopelessness mahsoos hoti hai.???????????",,,,,,,,,,,,,,,,
hopelessness,"Environmental degradation ka koi ant nahi dikh raha, is wajah se humein future ke liye hopelessness mahsoos hoti hai.??????????????????????",,,,,,,,,,,,,,,,
frustration,World war ke aftermath mein environmental degradation ko dekhkar gussa aata hai. Kaise hum is situation ko sudhar sakte hain?,,,,,,,,,,,,,,,,
frustration,"War ke karan environment degradation se humare natural resources kamzor ho rahe hain, is baat se humein gussa aata hai. Kaise hum is par rok sakte hain?",,,,,,,,,,,,,,,,
disgust,War ke aftermath mein environmental degradation ki kroorta dekhkar humein ghin aati hai. Kaise hum is par rok laga sakte hain???????,,,,,,,,,,,,,,,,
disgust,Environmental damage ko dekhkar humein ghin aati hai. Kaise hum is situation ko sudhar sakte hain???????,,,,,,,,,,,,,,,,
grief,Environmental degradation ke karan humare natural habitats ko khona dukh bhara hai. Kaise hum is situation ko sudhar sakte hain?,,,,,,,,,,,,,,,,
grief,Environmental damage se humare natural resources ko khona humein bahut dukhi kar raha hai. Kaise hum is par rok sakte hain?,,,,,,,,,,,,,,,,
empathy,War ke aftermath mein environmental degradation ke victims ke prati hamari sahanubhuti hai. Kaise hum unki madad kar sakte hain?,,,,,,,,,,,,,,,,
empathy,Environmental damage ke victims ke prati hamari sahanubhuti hai. Kaise hum unki madad kar sakte hain?,,,,,,,,,,,,,,,,
resilience,Environmental degradation se humein nipatne ke liye humein resilient banna padega????????????.,,,,,,,,,,,,,,,,
resilience,"Environmental damage ko rokne mein haar nahi manenge, yeh iraada zaroori hai????????.",,,,,,,,,,,,,,,,
compassion,Environmental degradation ke victims ke liye humein ek dusre ki madad karni chahiye.,,,,,,,,,,,,,,,,
compassion,Environmental damage ko rokne ke liye humein ek dusre ki madad karni chahiye.,,,,,,,,,,,,,,,,
hope,"Despite the challenges, humein ummeed hai ki hum environmental degradation ko rok sakte hain.",,,,,,,,,,,,,,,,
hope,Humare efforts se hum environment degradation ko rok sakte hain.,,,,,,,,,,,,,,,,
fear,"World war ke aftermath mein environment degradation ka khatra humare samne hai. Kaise hum isse bach sakte hain, yeh sochkar dar lagta hai.",,,,,,,,,,,,,,,,
fear,"Environmental degradation se humare natural resources kamzor ho rahe hain, is baat se humein dar lagta hai. Kaise hum is par rok sakte hain?",,,,,,,,,,,,,,,,
anger,World war ke karan hui environmental damage ne hume bahut nuksan pahunchaya hai. Is baat se humein gussa aata hai. Kaise sudharein is situation ko?,,,,,,,,,,,,,,,,
anger,"Environmental degradation ko rokne ke liye humare efforts kamzor hain, is wajah se humein gussa aata hai. Kaise hum is par rok sakte hain?",,,,,,,,,,,,,,,,
sadness,War ke aftermath mein environmental degradation dekhkar dil bahut dukhta hai. Kaise hum is situation ko sudhar sakte hain?,,,,,,,,,,,,,,,,
sadness,Environmental damage ki wajah se humare natural habitats ko khona bahut dukh bhara hai. Kaise hum is par rok sakte hain?,,,,,,,,,,,,,,,,
anxiety,Kya humare future generations ko environment degradation ke consequences se bacha ja sakta hai?,,,,,,,,,,,,,,,,
anxiety,"World war ke aftermath mein environment degradation ka koi ant nahi dikh raha, is wajah se humein chinta hoti hai. Kaise hum is par rok sakte hain?",,,,,,,,,,,,,,,,
shame,War ke aftermath mein environment degradation ke liye humein sharm aati hai. Kaise hum is situation ko sudhar sakte hain?,,,,,,,,,,,,,,,,
shame,"Environmental damage ko rokne mein humare kuch efforts kamzor pad rahe hain, is baat par humein sharm aati hai. Kaise hum is par sudhar la sakte hain?",,,,,,,,,,,,,,,,
guilt,Kya humare actions se world war aur uske aftermath mein hone wale environmental damage ka koi yogdan hai?,,,,,,,,,,,,,,,,
guilt,Environmental degradation ko dekhkar humein apne actions ke liye guilt mahsoos hoti hai. Kaise hum is par rok sakte hain?,,,,,,,,,,,,,,,,
hopelessness,"World war ke aftermath mein environment degradation ko rokna mushkil lag raha hai, is wajah se humein hopelessness mahsoos hoti hai.???????????",,,,,,,,,,,,,,,,
hopelessness,"Environmental degradation ka koi ant nahi dikh raha, is wajah se humein future ke liye hopelessness mahsoos hoti hai.???????????",,,,,,,,,,,,,,,,
frustration,World war ke aftermath mein environmental degradation ko dekhkar gussa aata hai. Kaise hum is situation ko sudhar sakte hain?,,,,,,,,,,,,,,,,
frustration,"War ke karan environment degradation se humare natural resources kamzor ho rahe hain, is baat se humein gussa aata hai. Kaise hum is par rok sakte hain?",,,,,,,,,,,,,,,,
disgust,War ke aftermath mein environmental degradation ki kroorta dekhkar humein ghin aati hai. Kaise hum is par rok sakte hain???????,,,,,,,,,,,,,,,,
disgust,Environmental damage ko dekhkar humein ghin aati hai. Kaise hum is situation ko sudhar sakte hain???????,,,,,,,,,,,,,,,,
grief,Environmental degradation ke karan humare natural habitats ko khona dukh bhara hai. Kaise hum is situation ko sudhar sakte hain? ?????????,,,,,,,,,,,,,,,,
grief,Environmental damage se humare natural resources ko khona humein bahut dukhi kar raha hai. Kaise hum is par rok sakte hain?,,,,,,,,,,,,,,,,
empathy,War ke aftermath mein environmental degradation ke victims ke prati hamari sahanubhuti hai. Kaise hum unki madad kar sakte hain?????????????,,,,,,,,,,,,,,,,
empathy,????????????????,,,,,,,,,,,,,,,,
resilience,Environmental degradation se humein nipatne ke liye humein resilient banna padega.??????????????,,,,,,,,,,,,,,,,
resilience,"Environmental damage ko rokne mein haar nahi manenge, yeh iraada zaroori hai??????????????????????.",,,,,,,,,,,,,,,,
compassion,Environmental degradation ke victims ke liye humein ek dusre ki madad karni chahiye.,,,,,,,,,,,,,,,,
compassion,Environmental damage ko rokne ke liye humein ek dusre ki madad karni chahiye.,,,,,,,,,,,,,,,,
hope,"Despite the challenges, humein ummeed hai ki hum environmental degradation ko rok sakte hain.",,,,,,,,,,,,,,,,
hope,Humare efforts se hum environment degradation ko rok sakte hain.,,,,,,,,,,,,,,,,
fear,"World war ke aftermath mein bachon ki shiksha aur manasik swasthya par gehra asar pad raha hai. Kaise hum is situation ko sudhar sakte hain, yeh sochkar dar lagta hai.",,,,,,,,,,,,,,,,
fear,"Kids ki education aur mental health ko lekar world war ke aftermath mein humein kuch karna hoga, yeh sochkar dar lagta hai. Kaise hum is par rok sakte hain?",,,,,,,,,,,,,,,,
anger,World war ke aftermath mein bachon ki shiksha aur manasik swasthya par hone wale nuksan se humein gussa aata hai. Kaise hum is situation ko sudhar sakte hain?,,,,,,,,,,,,,,,,
anger,"Kids ke education aur mental health ko lekar humare efforts kamzor hain, is wajah se humein gussa aata hai. Kaise hum is par rok sakte hain?",,,,,,,,,,,,,,,,
guilt,Kids ki education aur mental health ko lekar humare actions ke liye humein guilt mahsoos hoti hai. Kaise hum is par rok sakte hain?,,,,,,,,,,,,,,,,
hopelessness,World war ke aftermath mein kids ki education aur mental health ko lekar humein hopelessness mahsoos hoti hai. Kaise hum is par rok sakte hain????????????,,,,,,,,,,,,,,,,
hopelessness,Kids ki education aur mental health ko lekar kuch concrete steps na lene se humein future ke liye hopelessness mahsoos hoti hai. Kaise hum is par rok sakte hain????????????,,,,,,,,,,,,,,,,
frustration,World war ke aftermath mein kids ki education aur mental health ko lekar gussa aata hai. Kaise hum is situation ko sudhar sakte hain?,,,,,,,,,,,,,,,,
frustration,War ke karan kids ki education aur mental health par hone wale nuksan se humein gussa aata hai. Kaise hum is par rok sakte hain?,,,,,,,,,,,,,,,,
disgust,War ke aftermath mein kids ki education aur mental health ko lekar ki gayi kroorta dekhkar humein ghin aati hai. Kaise hum is par rok sakte hain?,,,,,,,,,,,,,,,,
disgust,"Kids ki education aur mental health ko lekar humare natural resources kamzor ho rahe hain, is baat se humein ghin aati hai. Kaise hum is par rok sakte hain?",,,,,,,,,,,,,,,,
grief,Kids ki education aur mental health ke khatre ko dekhkar humein bahut dukh bhara hai. Kaise hum is situation ko sudhar sakte hain?,,,,,,,,,,,,,,,,
grief,War ke aftermath mein kids ki education aur mental health ko lekar humare natural habitats ko khona humein bahut dukhi kar raha hai. Kaise hum is par rok sakte hain?,,,,,,,,,,,,,,,,
empathy,War ke aftermath mein bachon ki education aur mental health ke victims ke prati hamari sahanubhuti hai. Kaise hum unki madad kar sakte hain?,,,,,,,,,,,,,,,,
empathy,Kids ki education aur mental health ke victims ke prati hamari sahanubhuti hai. Kaise hum unki madad kar sakte hain?,,,,,,,,,,,,,,,,
resilience,Kids ki physical health ko lekar humein nipatne ke liye humein resilient banna padega????????.,,,,,,,,,,,,,,,,
resilience,"Kids ke education aur mental health ko lekar haar nahi manenge, yeh iraada zaroori hai.??",,,,,,,,,,,,,,,,
compassion,War ke aftermath mein kids ki education aur mental health ke liye humein ek dusre ki madad karni chahiye.,,,,,,,,,,,,,,,,
compassion,Kids ki education aur mental health ko lekar humein ek dusre ki madad karni chahiye.,,,,,,,,,,,,,,,,
hope,"Despite the challenges, humein ummeed hai ki hum kids ki education aur mental health ko sudhar sakte hain.",,,,,,,,,,,,,,,,
hope,Humare efforts se hum kids ki education aur mental health ko sudhar sakte hain.,,,,,,,,,,,,,,,,
guilt,World war ke aftermath mein mental trauma aur hysterias health ke liye humein guilt mahsoos hoti hai. Kaise hum is par rok sakte hain?,,,,,,,,,,,,,,,,
guilt,Hysterias health ke khatre ko dekhkar humein guilt mahsoos hoti hai. Kaise hum is situation ko sudhar sakte hain?,,,,,,,,,,,,,,,,
hopelessness,World war ke aftermath mein mental trauma aur hysterias health ko lekar humein hopelessness mahsoos hoti hai. Kaise hum is par rok sakte hain????????????,,,,,,,,,,,,,,,,
hopelessness,Hysterias health ko lekar kuch concrete steps na lene se humein future ke liye hopelessness mahsoos hoti hai. Kaise hum is par rok sakte hain??????????????????,,,,,,,,,,,,,,,,
frustration,World war ke aftermath mein mental trauma aur hysterias health ko lekar gussa aata hai. Kaise hum is situation ko sudhar sakte hain?,,,,,,,,,,,,,,,,
frustration,War ke karan mental trauma aur hysterias health par hone wale nuksan se humein gussa aata hai. Kaise hum is par rok sakte hain?,,,,,,,,,,,,,,,,
disgust,War ke aftermath mein mental trauma aur hysterias health ko lekar ki gayi kroorta dekhkar humein ghin aati hai. Kaise hum is par rok sakte hain?,,,,,,,,,,,,,,,,
disgust,"Hysterias health ko lekar humare natural resources kamzor ho rahe hain, is baat se humein ghin aati hai. Kaise hum is par rok sakte hain?",,,,,,,,,,,,,,,,
grief,Hysterias health ke khatre ko dekhkar humein bahut dukh bhara hai. Kaise hum is situation ko sudhar sakte hain? ?????????,,,,,,,,,,,,,,,,
grief,War ke aftermath mein mental trauma aur hysterias health ko lekar humare natural habitats ko khona humein bahut dukhi kar raha hai. Kaise hum is par rok sakte hain? ??????????????,,,,,,,,,,,,,,,,
empathy,War ke aftermath mein mental trauma aur hysterias health ke victims ke prati hamari sahanubhuti hai. Kaise hum unki madad kar sakte hain?,,,,,,,,,,,,,,,,
empathy,Hysterias health ke victims ke prati hamari sahanubhuti hai. Kaise hum unki madad kar sakte hain?,,,,,,,,,,,,,,,,
resilience,Mental trauma aur hysterias health ko lekar humein nipatne ke liye humein resilient banna padega??????????.,,,,,,,,,,,,,,,,
resilience,"Hysterias health ko lekar haar nahi manenge, yeh iraada zaroori hai??????????",,,,,,,,,,,,,,,,
compassion,War ke aftermath mein mental trauma aur hysterias health ke liye humein ek dusre ki madad karni chahiye.,,,,,,,,,,,,,,,,
compassion,Hysterias health ko lekar humein ek dusre ki madad karni chahiye.,,,,,,,,,,,,,,,,
hope,"Despite the challenges, humein ummeed hai ki hum mental trauma aur hysterias health ko sudhar sakte hain.",,,,,,,,,,,,,,,,
hope,Humare efforts se hum mental trauma aur hysterias health ko sudhar sakte hain.,,,,,,,,,,,,,,,,
fear,World war ke aftermath mein mental trauma aur hysterias health ke liye humein dar lagta hai. Kaise hum is par rok sakte hain?,,,,,,,,,,,,,,,,
fear,Hysterias health ke khatre ko dekhkar humein dar lagta hai. Kaise hum is situation ko sudhar sakte hain?,,,,,,,,,,,,,,,,
anger,World war ke aftermath mein mental trauma aur hysterias health ko lekar humein gussa aata hai. Kaise hum is situation ko sudhar sakte hain?,,,,,,,,,,,,,,,,
anger,War ke karan mental trauma aur hysterias health par hone wale nuksan se humein gussa aata hai. Kaise hum is par rok sakte hain?,,,,,,,,,,,,,,,,
sadness,War ke aftermath mein mental trauma aur hysterias health ko lekar dil bahut dukhta hai. Kaise hum is situation ko sudhar sakte hain?,,,,,,,,,,,,,,,,
sadness,"Hysterias health ko lekar humare natural resources kamzor ho rahe hain, is baat se humein dukh hota hai. Kaise hum is par rok sakte hain?",,,,,,,,,,,,,,,,
anxiety,Kya humare efforts se mental trauma aur hysterias health ko lekar future mein kuch sudhar hoga? Kaise hum is par dhyan de sakte hain?,,,,,,,,,,,,,,,,
anxiety,"War ke aftermath mein mental trauma aur hysterias health ka koi ant nahi dikh raha, is wajah se humein chinta hoti hai. Kaise hum is par rok sakte hain?",,,,,,,,,,,,,,,,
shame,War ke aftermath mein mental trauma aur hysterias health ke liye humein sharm aati hai. Kaise hum is situation ko sudhar sakte hain?,,,,,,,,,,,,,,,,
shame,"Hysterias health ko lekar humare efforts kamzor pad rahe hain, is baat par humein sharm aati hai. Kaise hum is par sudhar la sakte hain?",,,,,,,,,,,,,,,,
hope,"Despite the challenges, humein ummeed hai ki hum mental trauma aur hysterias health ko sudhar sakte hain.",,,,,,,,,,,,,,,,
guilt,Kya humare actions se world war aur uske aftermath mein hone wale nuksan ka koi yogdan hai mental trauma aur hysterias health par,,,,,,,,,,,,,,,,
sadness,War ke aftermath mein bachon ki shiksha aur manasik swasthya ko lekar dil bahut dukhta hai. Kaise hum is situation ko sudhar sakte hain?,,,,,,,,,,,,,,,,
sadness,"Kids ki education aur mental health ko lekar humare natural resources kamzor ho rahe hain, is baat se humein dukh hota hai. Kaise hum is par rok sakte hain?",,,,,,,,,,,,,,,,
anxiety,Kya humare bachon ko future mein proper education aur mental health mil paayega? Kaise hum is par dhyan de sakte hain?,,,,,,,,,,,,,,,,
anxiety,"World war ke aftermath mein kids ki education aur mental health ka koi ant nahi dikh raha, is wajah se humein chinta hoti hai. Kaise hum is par rok sakte hain?",,,,,,,,,,,,,,,,
shame,War ke aftermath mein bachon ki education aur mental health ke liye humein sharm aati hai. Kaise hum is situation ko sudhar sakte hain?,,,,,,,,,,,,,,,,
shame,"Kids ke education aur mental health ko lekar humare efforts kamzor pad rahe hain, is baat par humein sharm aati hai. Kaise hum is par sudhar la sakte hain?",,,,,,,,,,,,,,,,
hope,"Despite the challenges, humein ummeed hai ki hum kids ki education aur mental health ko sudhar sakte hain.",,,,,,,,,,,,,,,,
guilt,Kya humare actions se world war aur uske aftermath mein hone wale nuksan ka koi yogdan hai bachon ki education aur mental health par?,,,,,,,,,,,,,,,,
guilt,World war ke aftermath mein mental trauma aur health issues ke liye humein guilt mahsoos hoti hai. Kaise hum is par rok sakte hain?,,,,,,,,,,,,,,,,
guilt,Health issues ke khatre ko dekhkar humein guilt mahsoos hoti hai. Kaise hum is situation ko sudhar sakte hain?,,,,,,,,,,,,,,,,
hopelessness,World war ke aftermath mein mental trauma aur health issues ko lekar humein hopelessness mahsoos hoti hai. Kaise hum is par rok sakte hain????????????,,,,,,,,,,,,,,,,
hopelessness,Health issues ko lekar kuch concrete steps na lene se humein future ke liye hopelessness mahsoos hoti hai. Kaise hum is par rok sakte hain????????????,,,,,,,,,,,,,,,,
frustration,World war ke aftermath mein mental trauma aur health issues ko lekar gussa aata hai. Kaise hum is situation ko sudhar sakte hain?,,,,,,,,,,,,,,,,
frustration,War ke karan mental trauma aur health issues par hone wale nuksan se humein gussa aata hai. Kaise hum is par rok sakte hain?,,,,,,,,,,,,,,,,
disgust,War ke aftermath mein mental trauma aur health issues ko lekar ki gayi kroorta dekhkar humein ghin aati hai. Kaise hum is par rok sakte hain???????,,,,,,,,,,,,,,,,
disgust,"Health issues ko lekar humare natural resources kamzor ho rahe hain, is baat se humein ghin aati hai. Kaise hum is par rok sakte hain???????",,,,,,,,,,,,,,,,
grief,Health issues ke khatre ko dekhkar humein bahut dukh bhara hai. Kaise hum is situation ko sudhar sakte hain? ????????????,,,,,,,,,,,,,,,,
grief,War ke aftermath mein mental trauma aur health issues ko lekar humare natural habitats ko khona humein bahut dukhi kar raha hai. Kaise hum is par rok sakte hain? ?????????,,,,,,,,,,,,,,,,
empathy,War ke aftermath mein mental trauma aur health issues ke victims ke prati hamari sahanubhuti hai. Kaise hum unki madad kar sakte hain?????????????,,,,,,,,,,,,,,,,
empathy,Health issues ke victims ke prati hamari sahanubhuti hai. Kaise hum unki madad kar sakte hain???????????,,,,,,,,,,,,,,,,
resilience,Mental trauma aur health issues ko lekar humein nipatne ke liye humein resilient banna padega.,,,,,,,,,,,,,,,,
resilience,"Health issues ko lekar haar nahi manenge, yeh iraada zaroori hai.",,,,,,,,,,,,,,,,
compassion,War ke aftermath mein mental trauma aur health issues ke liye humein ek dusre ki madad karni chahiye.,,,,,,,,,,,,,,,,
compassion,Health issues ko lekar humein ek dusre ki madad karni chahiye.,,,,,,,,,,,,,,,,
hope,"Despite the challenges, humein ummeed hai ki hum mental trauma aur health issues ko sudhar sakte hain.",,,,,,,,,,,,,,,,
hope,Humare efforts se hum mental trauma aur health issues ko sudhar sakte hain.,,,,,,,,,,,,,,,,
fear,World war ke aftermath mein mental trauma aur health issues ke liye humein dar lagta hai. Kaise hum is par rok sakte hain?,,,,,,,,,,,,,,,,
fear,Health issues ke khatre ko dekhkar humein dar lagta hai. Kaise hum is situation ko sudhar sakte hain?,,,,,,,,,,,,,,,,
anger,World war ke aftermath mein mental trauma aur health issues ko lekar humein gussa aata hai. Kaise hum is situation ko sudhar sakte hain?,,,,,,,,,,,,,,,,
anger,War ke karan mental trauma aur health issues par hone wale nuksan se humein gussa aata hai. Kaise hum is par rok sakte hain?,,,,,,,,,,,,,,,,
sadness,War ke aftermath mein mental trauma aur health issues ko lekar dil bahut dukhta hai. Kaise hum is situation ko sudhar sakte hain?,,,,,,,,,,,,,,,,
sadness,"Health issues ko lekar humare natural resources kamzor ho rahe hain, is baat se humein dukh hota hai. Kaise hum is par rok sakte hain?",,,,,,,,,,,,,,,,
anxiety,Kya humare efforts se mental trauma aur health issues ko lekar future mein kuch sudhar hoga? Kaise hum is par dhyan de sakte hain?,,,,,,,,,,,,,,,,
anxiety,"War ke aftermath mein mental trauma aur health issues ka koi ant nahi dikh raha, is wajah se humein chinta hoti hai. Kaise hum is par rok sakte hain?",,,,,,,,,,,,,,,,
shame,War ke aftermath mein mental trauma aur health issues ke liye humein sharm aati hai. Kaise hum is situation ko sudhar sakte hain?,,,,,,,,,,,,,,,,
shame,"Health issues ko lekar humare efforts kamzor pad rahe hain, is baat par humein sharm aati hai. Kaise hum is par sudhar la sakte hain?",,,,,,,,,,,,,,,,
hope,"Despite the challenges, humein ummeed hai ki hum mental trauma aur health issues ko sudhar sakte hain.",,,,,,,,,,,,,,,,
guilt,Kya humare actions se world war aur uske aftermath mein hone wale nuksan ka koi yogdan hai mental trauma aur health issues par?,,,,,,,,,,,,,,,,
guilt,Health issues ko lekar humare actions ke liye humein guilt mahsoos hoti hai. Kaise hum is par rok sakte hain?,,,,,,,,,,,,,,,,
hopelessness,World war ke aftermath mein mental trauma aur health issues ko lekar humein hopelessness mahsoos hoti hai. Kaise hum is par rok sakte hain????????????????????,,,,,,,,,,,,,,,,
hopelessness,Health issues ko lekar kuch concrete steps na lene se humein future ke liye hopelessness mahsoos hoti hai. Kaise hum is par rok sakte hain???????????????,,,,,,,,,,,,,,,,
frustration,World war ke aftermath mein mental trauma aur health issues ko lekar gussa aata hai. Kaise hum is situation ko sudhar sakte hain?,,,,,,,,,,,,,,,,
frustration,War ke karan mental trauma aur health issues par hone wale nuksan se humein gussa aata hai. Kaise hum is par rok sakte hain?,,,,,,,,,,,,,,,,
disgust,War ke aftermath mein mental trauma aur health issues ko lekar ki gayi kroorta dekhkar humein ghin aati hai. Kaise hum is par rok sakte hain?,,,,,,,,,,,,,,,,
hope,"hope honi chahiye, ek behtar duniya ki talaash mein humein aage badhna hoga.",,,,,,,,,,,,,,,,
gratitude,"Russia-Ukraine yudh ke peedit logon ke prati humein gratitude hai, jo unka sangharsh aur hosla dekhkar sikha ja sakta hai.",,,,,,,,,,,,,,,,
gratitude,"Yudh ke asar se humein gratitude honi chahiye, humare desh ke veer jawano ki aur unke parivaaron ki taraf.",,,,,,,,,,,,,,,,
guilt,"Russia-Ukraine yudh se humein guilt hai, ki kya humne kuch zyada nahi kar paayein.",,,,,,,,,,,,,,,,
guilt,"Yudh ke baad bhi, humein guilt hai, ki kaise hum apne desh ko is tarah se dekh sakte hain.",,,,,,,,,,,,,,,,
hopelessness,"Russia-Ukraine yudh ke baad bhi, hopelessness ka mahaul hai, lekin humein khud ko dobara se uthana hoga.????????????",,,,,,,,,,,,,,,,
hopelessness,"Yudh ke asar se humein ek bebas mehsoos hota hai, lekin humein dobara se hope dikhana hoga.???????????????????",,,,,,,,,,,,,,,,
frustration,"Russia-Ukraine yudh ke peedit logon ke liye humara frustration bhi hai, kyunki hum kuch zyada nahi kar paayein.",,,,,,,,,,,,,,,,
frustration,Yudh ke asar se humare desh mein hui tabahi aur destruction ko dekhkar humein frustration hota hai.,,,,,,,,,,,,,,,,
disgust,"Yudh se humein disgust aata hai, lekin ab humein is disgusted state se bahar nikalna hoga.",,,,,,,,,,,,,,,,
disgust,"Russia-Ukraine yudh ne humein duniya ke kuch logon ki kroorta ka sach dikha diya hai, aur isse humein disgust aata hai.",,,,,,,,,,,,,,,,
grief,"Russia-Ukraine yudh ne humein apnon ko khone ka dukh sikha diya hai, aur is dukh se humein guzarna hoga. ???????????",,,,,,,,,,,,,,,,
grief,"Yudh ke asar se humein grief hai, lekin ab humein is grief ko overcome karna hoga. ??????",,,,,,,,,,,,,,,,
empathy,"Russia-Ukraine yudh ke peedit logon ke prati humara empathy hai, aur ab humein unki madad mein yogdan dena hoga.",,,,,,,,,,,,,,,,
empathy,Yudh se humein ek dusre ke prati empathy aur samvedana ka izhaar karna hoga.,,,,,,,,,,,,,,,,
resilience,"Russia-Ukraine yudh ne humein majboot banaya hai, humein ab resilience aur determination dikhana hoga.",,,,,,,,,,,,,,,,
resilience,"Yudh ke asar se humein dobara se uthkar khada hona hoga, resilience aur hope dikhana hoga.",,,,,,,,,,,,,,,,
compassion,"Yudh ke baad, humein peedit logon ki madad mein compassion dikhana hoga, taaki unka sukoon mile.",,,,,,,,,,,,,,,,
compassion,Russia-Ukraine yudh se humein compassion aur ek dusre ke prati madad karne ki zarurat hai.,,,,,,,,,,,,,,,,
hope,"Yudh ke asar se humein ek behtar kal ki ummeed rakni chahiye, shaanti ka maahaul phir se banayenge.",,,,,,,,,,,,,,,,
hope,"Russia-Ukraine yudh ke baad bhi, humein hope honi chahiye ki hum sab ek behtar duniya ki taraf badh rahe hain.",,,,,,,,,,,,,,,,
shame,World War ne humein ek pal mein jhukne par majboor kiya. Lekin isse humein siksha mili ki unity aur samvedansheelta mein hi humari asli taqat chupi hai. fearsOnshame,,,,,,,,,,,,,,,,
hope,"Har andheri raat ke baad ek naya savera aata hai. World War ne churaya humse bahut kuch, lekin aaj bhi hai ek kiran hope ki jo kehti hai, ""Hum fir khade honge, aur behtar kal banayenge."" hopefulHorizons",,,,,,,,,,,,,,,,
guilt,"Dil ko chhoo jati hai yeh guilt ki baat. Humne socha, humse kya galti ho sakti hai? Par isse humein yeh sikh mila ki har kadam ka asar humare aas-paas ke logon par hota hai. guiltAndLfearning",,,,,,,,,,,,,,,,
disgust,"World War ke kalpana se hi uthhta hai yeh disgust. Insaniyat ko choo gaye vo lamhe, jab hum soch rahe the, ""Yeh kaise ho sakta hai?"" disgustedMemories??????",,,,,,,,,,,,,,,,
hopelessness,"Har taraf andhera, lekin humein nahi haarne ka iraada. World War ne sikhaaya ki har mushkil ka hal humare iraade mein chhupa hua hai. UnyieldingResolve",,,,,,,,,,,,,,,,
resilience,"Humari resilience, humari asli taqat hai. World War ne humein giraya, par hum fir se khade hue, aur dikhaya ki hum hamesha dubara uthe sakte hain. RisingFromTheAshes",,,,,,,,,,,,,,,,
frustration,"Yudh ka asar, frustration mein dikhta hai. Par kya yeh frustration humein kuch sikhata hai ya sirf humein tutne ka ehsaas deta hai? ReflectingOnfrustration",,,,,,,,,,,,,,,,
gratitude,"Har lamha, har saans, gratitude ka izhaar karte hain hum. World War ne sikhaaya ki zindagi ki kimat ko samajhna zaroori hai. GratefulForLife",,,,,,,,,,,,,,,,
grief,"Har ek khoi gayi zindagi ki yaad, grief mein chhupa hai. World War ne humein dikhaya ki har ek vyakti ki ahmiyat hai. RememberingLostLives",,,,,,,,,,,,,,,,
empathy,Insaaniyat mein bharpoor empathy hai. World War ne humein ek dusre ke dard ko samajhne ki zarurat sikhayi. ConnectingThroughempathy????????????????,,,,,,,,,,,,,,,,
compassion,"World War ne humein sikhaya ki compassion se hi hum ek dusre ka saath denge, aur ek naye safar ki shuruaat karenge. compassionForChange",,,,,,,,,,,,,,,,
disgust,"Aur ek baar, yeh disgust. Yeh humare mann ko hilata hai jab hum sochte hain us kalpana ke baare mein, jismein hume kuch pata bhi nahi tha. disgustAtIgnorance????",,,,,,,,,,,,,,,,
gratitude,Har ek nayi subah ke liye hum shukriya ada karte hain. World War ne sikhaaya ki har din ek naya tohfa hai. gratitudeForNewBeginnings,,,,,,,,,,,,,,,,
guilt,"guilt, ek bhaari bojh. Lekin isse humein sikh mili ki humein apne karmo ka samna karna hoga. Confrontingguilt",,,,,,,,,,,,,,,,
hopelessness,"World War ka andhera, lekin kuch ne dekha ek naya roshni ka sapna. hopelessness ko harana humare haath mein hai. DefeatingDarkness??????????",,,,,,,,,,,,,,,,
guilt,Fir ek baar guilt ka ehsaas. Kya humein yeh sikhna chahiye ki humein khud se maaf karna zaroori hai? LfearningToForgive,,,,,,,,,,,,,,,,
grief,"Har ek chali gayi zindagi, ek dard chhod gayi hai. World War ne humein yeh sikhaya ki har ek vyakti ki ahmiyat hai. RespectingLostLives ?????????",,,,,,,,,,,,,,,,
empathy,"Ek dusre ke dard ko samajhna, yeh hai empathy. World War ne humein dikhaya ki yeh ek taqat hai jo humein ek dusre ke kareeb le aati hai. UnderstandingThroughempathy",,,,,,,,,,,,,,,,
frustration,"Yudh ka asar, frustration mein dikhta hai. Lekin kya yeh frustration humein kuch sikhata hai ya sirf humein tutne ka ehsaas deta hai? ReflectingOnfrustration",,,,,,,,,,,,,,,,
resilience,"Har girte hue insaan mein ek resilience chhupi hoti hai. World War ne humein sikhaya ki haar nahi, jeetne ka junoon zaroori hai. Embracingresilience",,,,,,,,,,,,,,,,
compassion,"World War ne humein sikhaya ki compassion se hi hum ek dusre ka saath denge, aur ek naye safar ki shuruaat karenge. compassionForChange",,,,,,,,,,,,,,,,
grief,"Har ek khoi gayi zindagi ki yaad, grief mein chhupa hai. World War ne humein dikhaya ki har shakhs, har zindagi, ek anmol gehna hai. RememberingLostLives ??????",,,,,,,,,,,,,,,,
empathy,Insaaniyat mein bharpoor empathy hai. World War ne humein ek dusre ke dard ko samajhne ki zarurat sikhayi. ConnectingThroughempathy????????????,,,,,,,,,,,,,,,,
empathy,"Ek dusre ke dard ko samajhna, yeh hai empathy. World War ne humein dikhaya ki yeh ek taqat hai jo humein ek dusre ke kareeb le aati hai. UnderstandingThroughempathy????????????",,,,,,,,,,,,,,,,
resilience,"Har girte hue insaan mein ek resilience chhupi hoti hai. World War ne humein sikhaya ki haar nahi, jeetne ka junoon zaroori hai. Embracingresilience??????????????",,,,,,,,,,,,,,,,
resilience,"World War ne humein sikhaya ki resilience ka asli matlab hai khud ko dobara uthana, har mushkil ko sahna aur aage badhna. hopeInresilience????????????????",,,,,,,,,,,,,,,,
compassion,World War ne humein sikhaya ki compassion se hi hum ek dusre ka saath denge.,,,,,,,,,,,,,,,,
shame,"World War ne insaniyat ko ek naye darje par pahuncha diya. shame ka ehsaas, jab hum sochte hain ki humare actions se kitni badi nuksan hui.",,,,,,,,,,,,,,,,
hope,"World War ke baad, ek kiran hope ki chamak. Insaaniyat ki spirit, jo ek behtar bhavishya ki ummid mein chipki hai.",,,,,,,,,,,,,,,,
guilt,"guilt, ek bhaari bojh, jise woh log saath lekar chalte hain jo yudh ke dauran faisley lete hain. Ek bachi hui feeling jo sochne aur sudharne ki prerana deti hai.",,,,,,,,,,,,,,,,
disgust,Yudh ke khatron se utpann gandagi ka gehra ehsaas. Insaaniyat aur janwaron ki zindagi par reh jaane wala gehra prabhav.,,,,,,,,,,,,,,,,
hopelessness,"Tabbahi ke beech, ek vyapak hopelessness ka mahaul. Fir bhi, iske beech, resilience ke beej ugte hain, jo humein yaad dilate hain ki andhere mein bhi ek naya savera sambhav hai.",,,,,,,,,,,,,,,,
resilience,"Yudh ne insaniyat aur janwar samudayon ki resilience ko parakh liya. Tabahi ke bawajood, jivit rahne aur dobara banne ki ichha sab par bhari.",,,,,,,,,,,,,,,,
frustration,"frustration yudh ke parinaamon mein gunjti hai. Tabah hone ke samne shakti ka abhav, jo humein prashna karne aur samadhan ki talash karne par majboor karta hai.",,,,,,,,,,,,,,,,
gratitude,"Shukriya un jeevanon ke liye aur mauka dene ke liye dobara banne ka. Yeh ahsaas ki har saans, insaniyat ya janwar, ek keemti tohfa hai, jo mahobbat aur samvedana ke laayak hai.",,,,,,,,,,,,,,,,
grief,"Dukh, anek zindagiyon ke kho jane par ek saya chhodta hai. Ek sangheet jo un atmanon ke liye hai, jo yudh ke kroorpan mein shikar ho gaye. ??????????????",,,,,,,,,,,,,,,,
empathy,"Samvedana, ek pul jo insaanon aur janwaron dono ke dard ko jodti hai. Ek saanjha samajh, jo jati simayein par paar karke bhaavnaon ko transcend karta hai.",,,,,,,,,,,,,,,,
compassion,"compassion, yudh ke parinaamon mein ek marga-darshan banta hai. Ek awaaz, jo sirf humare saathiyon ke liye hi nahi, balki hamare charon or ki dukh bhari zindagiyon ke liye bhi hai.",,,,,,,,,,,,,,,,
disgust,"Atyacharon par gussa, jo yudh ke dauran hue. Ek samuhik nafrat, jeevan ke liye, jise insaanon aur janwaron ke rajyon dono par asar pada.",,,,,,,,,,,,,,,,
gratitude,"Ek naye gratitude ka ahsaas, prakriti ki resilience aur insaan aur janwar dono ki zindagi ke prati. Ek manthan ki saakshi, yudh ke jhatkon ke bawajood bhi.",,,,,,,,,,,,,,,,
guilt,"guilt ka bojh, jo un logon ke dilon mein gunjta hai jo yudh ke parinaamon se nipat rahe hain. Maafi ki talash aur badlav ki zarurat ko manzoori aur samman ke saath.",,,,,,,,,,,,,,,,
hopelessness,"hopelessness, yudh ke parinaamon par ek gehra badal. Fir bhi, iske andar, umeed ke kiran nikal aati hain, jise punarbanane aur swasth karne ki determination se bhara gaya hai.?????????????????????",,,,,,,,,,,,,,,,
guilt,"guilt ka echo un dil se, jo yudh ke parinaamon ka saamna kar rahe hain. Ek samajh ki darkhwast aur guzishta galtiyon ko sudharne ki prati ka commitment.",,,,,,,,,,,,,,,,
grief,"grief, ek samuhik atma par chhaya hua nishan. Un zindagiyon ke li",,,,,,,,,,,,,,,,
shame,Lagta hai jaise maa ne apne bachon ko chhod diya ho. shame ka ehsaas rehta hai jab hum alag hone aur nuksan ka samna karte hain.,,,,,,,,,,,,,,,,
hope,"Dukh bhari sthiti mein bhi, ek kiran hope ki chamak hai. Woh spirit jo musibat ka saamna karke dobara banna chahti hai.",,,,,,,,,,,,,,,,
guilt,"guilt ka bojh, jab faisley ke natije ka saamna karna padta hai. Woh bhoj jo unke saath hai jo mushkil samay mein liye gaye faislon ka asar mehsoos kar rahe hain.",,,,,,,,,,,,,,,,
disgust,Ghar parivaaron ke dilchasp drishyon par gussa. Jo nainsaafiyon ko dekhkar insaniyat mein ghrina ka gehra ehsaas paida hota hai????.,,,,,,,,,,,,,,,,
hopelessness,"Alag hui families aur tuti hui rishton ke aage, ek vyapak ashaheen mahaul hai. Lekin iske bich, resilience ke beej ugte hain, jo shifa aur dobara banane ki sambhavna ko prastut karte hain.",,,,,,,,,,,,,,,,
resilience,"Alag hone ke andhere mein, resilience chamakta hai. Woh iraada jo kasht aur buniyad banane ki disha mein unchaaiyan chhoo raha hai.",,,,,,,,,,,,,,,,
frustration,"Alag hone ke dard ke saath, ek vyapak frustration ka gunjana. Woh mehsoos jo mushkil paristhitiyon ka saamna karne mein samvedansheelta ki seema ko pareekshan karta hai.",,,,,,,,,,,,,,,,
disgust,Ghar parivaaron ke dilchasp drishyon par gussa. Jo nainsaafiyon ko dekhkar insaniyat mein ghrina ka gehra ehsaas paida hota hai.,,,,,,,,,,,,,,,,
hopelessness,"Alag hui families aur tuti hui rishton ke aage, ek vyapak ashaheen mahaul hai. Lekin iske bich, resilience ke beej ugte hain, jo shifa aur dobara banane ki sambhavna ko prastut karte hain.",,,,,,,,,,,,,,,,
hopelessness,"Hasratein ki hansi sunai deti hai jaise alag hone ka dard ko taane maarte huye. Kuch log toh keh rahe hain ki yeh ek bura idea hai, par kuch keh rahe hain ki unity badhegi. Kya aapko lagta hai humein ek dusre ke saath judna chahiye ya fir peace maintain karna chahiye?",,,,,,,,,,,,,,,,
disgust,Ghar parivaaron ke dilchasp drishyon par gussa. Jo nainsaafiyon ko dekhkar insaniyat mein ghrina ka gehra ehsaas paida hota hai????.,,,,,,,,,,,,,,,,
gratitude,"Shakti ko mehsoos karne ke liye shukriya, jab sabse asambhav ke samne bhi. Ek pahchaan resilience ki, alag hone ke chaos ke beech.",,,,,,,,,,,,,,,,
gratitude,"Shakti ko mehsoos karne ke liye shukriya, jab sabse asambhav ke samne bhi. Ek pahchaan resilience ki, alag hone ke chaos ke beech.",,,,,,,,,,,,,,,,
guilt,"guilt ka bojh, jab faisley ke natije ka saamna karna padta hai. Woh bhoj jo unke saath hai jo mushkil samay mein liye gaye faislon ka asar mehsoos kar rahe hain.",,,,,,,,,,,,,,,,
guilt,"guilt ka bojh, jab faisley ke natije ka saamna karna padta hai. Woh bhoj jo unke saath hai jo mushkil samay mein liye gaye faislon ka asar mehsoos kar rahe hain.",,,,,,,,,,,,,,,,
hopelessness,"Alag hui families aur tuti hui rishton ke aage, ek vyapak ashaheen mahaul hai. Lekin iske bich, resilience ke beej ugte hain, jo shifa aur dobara banane ki sambhavna ko prastut karte hain.???????????????",,,,,,,,,,,,,,,,
guilt,"guilt ka echo un dil se, jo mushkil samay mein liye gaye faislon ke parinaamon ka saamna kar rahe hain. Ek samajhane aur badlav karne ki darkhwast.",,,,,,,,,,,,,,,,
grief,"Hasratein ki hansi sunai deti hai jaise alag hone ka dard ko taane maarte huye. Kuch log toh keh rahe hain ki yeh ek bura idea hai, par kuch keh rahe hain ki unity badhegi. Kya aapko lagta hai humein ek dusre ke saath judna chahiye ya fir peace maintain karna chahiye?",,,,,,,,,,,,,,,,
empathy,"empathy alag hone wale parivaaron ke beech ek pul banata hai. Woh saanjha samajh jo har aansoo, har saans mein ek saanjha anubhav hai.",,,,,,,,,,,,,,,,
frustration,"Alag hone ke dard ke saath, ek vyapak frustration ka gunjana. Woh mehsoos jo mushkil paristhitiyon ka saamna karne mein samvedansheelta ki seema ko pareekshan karta hai.",,,,,,,,,,,,,,,,
resilience,"Alag hone ke andhere mein, resilience chamakta hai. Woh iraada jo kasht aur buniyad banane ki disha mein unchaaiyan chhoo raha hai.",,,,,,,,,,,,,,,,
compassion,"compassion alag hone ke parinaamon mein ek marga-darshan banta hai. Ek awaaz, jo sirf alag hone wale parivaaron ke liye hi nahi, balki hamare charon or ke dukh bhari dilon ke liye bhi hai.",,,,,,,,,,,,,,,,
grief,"Hasratein ki hansi sunai deti hai jaise alag hone ka dard ko taane maarte huye. Kuch log toh keh rahe hain ki yeh ek bura idea hai, par kuch keh rahe hain ki unity badhegi. Kya aapko lagta hai humein ek dusre ke saath judna chahiye ya fir peace maintain k",,,,,,,,,,,,,,,,
guilt,Guzre hue bhayankar yudh ki parnali mein phir se galtiyon ka bojh. Itihas ki sabak seekhne ka samay: Kya yeh ek bura vichar hai ya phir ekta ka samarthan jeetega?,,,,,,,,,,,,,,,,
grief,"Jeevan khota hai, sukhad ghatnayon ka saaya hai. Duniya bhar mein log isse ro rahe hain, jaise ki Pahle Vishva Yudh, Hiroshima aur Nagasaki ke khatarnak prabhavit hote hain. Kya humein milke rona chahiye ya fir shanti banaye ?????????????????? rakhni chahiye?",,,,,,,,,,,,,,,,
empathy,"Samvedna ek marga prashasta ban jaati hai, jisse vyakti yudh ke parinam se guzar rahe hain, Hiroshima aur Nagasaki jaise. Kya ekta is samasya ka samadhan hai, ya yeh ek bura vichar hai insani jodiyon ko ignore karne ka?",,,,,,,,,,,,,,,,
resilience,"Yudh ke bache hue prabhaviton ke saamne atmasamarpita pradarshan. Hiroshima aur Nagasaki mein dikhai gayi fir basne waali bhavana. Prashna yeh hai: Yudh mein bhag lene ka ek bura vichar hai, ya ekta ek sundar bhavishya ke liye vijayi ho sakti hai?",,,,,,,,,,,,,,,,
compassion,"Yudh ke parinamswaroop daya ka uday ho raha hai, Hiroshima aur Nagasaki ke seekh se. Ek awaaz hai, jo na keval doosre vyaktiyon ke liye hai, balki jo duniya bhar mein dukh bhog rahe jeev-jantuon ke liye bhi hai. Kya ekta iska hal hai, ya yeh insaniyat ko ignore karne ka bura vichar hai?",,,,,,,,,,,,,,,,
frustration,"Yudh ke parinam saamne aane par vyakti ka dukh. Hiroshima aur Nagasaki ke tabahi ka ek sanket. Kuch isse ek bura vichar ke roop mein dekhte hain, jabki doosre ekta ke liye awaaz uthate hain, taaki aisi durghatnayein dobara na ho.",,,,,,,,,,,,,,,,
hopelessness,"Yudh ke parinam mein ashaheen bhavna chha gayi hai, jo Hiroshima aur Nagasaki ke vinash se milta julta hai. Sawal yeh hai ki kya ekta is samasya ka samadhan hai, ya fir humein shanti banaye rakhne ki disha mein dhyan dena chahiye, taaki itihas ke galtiyon ka dobara na ho????????????????????",,,,,,,,,,,,,,,,
disgust,"Manav pariprekshya mein gandagi ka anubhav, World War 1 ke parinam aur Hiroshima aur Nagasaki ke khatarnak prabhavit se. Kuch ise ek bura vichar ke roop mein condemn karte hain, jabki doosre ekta se aise apradhaon ko rokne ke liye awaaz uthate hain.????",,,,,,,,,,,,,,,,
gratitude,"Ashaheen sthiti mein, prakriti aur manav jeevan ki samvedana ko pehchana ja raha hai. Ek shapath hai, ki humein har jeev-jantu ka samman karna chahiye. Kya ekta hi is disha mein hai, ya yeh ek bura vichar hai, kritagya bhavna ko ignore karne ka?",,,,,,,,,,,,,,,,
guilt,"Yudh ke parinam ka bojh, jo usmein shaamil huye logon ka role vichar kar rahe hain. Itihas ke sabak ko samajhne ka prayaas aur guzarnahar mein badlav lane ki zaroorat. Kya yeh ek bura vichar hai, ya ekta ka samarthan karne ki zaroorat hai?",,,,,,,,,,,,,,,,
hopelessness,"Yudh ke parinam mein ashaheen bhavna chha gayi hai, jo Hiroshima aur Nagasaki ke vinash se milta julta hai. Sawal yeh hai ki kya ekta is samasya ka samadhan hai, ya fir humein shanti banaye rakhne ki disha mein dhyan dena chahiye, taaki itihas ke galtiyon ka dobara na ho????????????????????",,,,,,,,,,,,,,,,
hopelessness,"Sawal yeh hai ki kya ekta is samasya ka samadhan hai, ya fir humein shanti banaye rakhne ki disha mein dhyan dena chahiye, taaki itihas ke galtiyon ka dobara na ho????????????????????",,,,,,,,,,,,,,,,
disgust,"Manav pariprekshya mein gandagi ka anubhav, World War 1 ke parinam aur Hiroshima aur Nagasaki ke khatarnak prabhavit se. Kuch ise ek bura vichar ke roop mein condemn karte hain, jabki doosre ekta se aise apradhaon ko rokne ke liye awaaz uthate hain.",,,,,,,,,,,,,,,,
gratitude,"Ashaheen sthiti mein, prakriti aur manav jeevan ki samvedana ko pehchana ja raha hai. Ek shapath hai, ki humein har jeev-jantu ka samman karna chahiye. Kya ekta hi is disha mein hai, ya yeh ek bura vichar hai, kritagya bhavna ko ignore karne ka?",,,,,,,,,,,,,,,,
gratitude,"Ashaheen sthiti mein, prakriti aur manav jeevan ki samvedana ko pehchana ja raha hai. Ek shapath hai, ki humein har jeev-jantu ka samman karna chahiye. Kya ekta hi is disha mein hai, ya yeh ek bura vichar hai, kritagya bhavna ko ignore karne ka?",,,,,,,,,,,,,,,,
guilt,"Yudh ke parinam ka bojh, jo usmein shaamil huye logon ka role vichar kar rahe hain. Itihas ke sabak ko samajhne ka prayaas aur gu",,,,,,,,,,,,,,,,
guilt,"Guzre hue bhayankar galtiyon ka bojh, khaaskar Hiroshima aur Nagasaki mein dekhe gaye yudh ke prabhaviton ke, jo dobara na karna ek bura vichar hai. Itihas ke sabak ko ignore karna ek bura vichar hai ya fir ekta se andhere ko par kar sakte hain?",,,,,,,,,,,,,,,,
grief,"Jeevan khona, World War 1, Hiroshima aur Nagasaki ke ghatnayon ki goonj hai. Bura vichar ya ekta par charcha ke beech, jeevan ki atmaon ke liye shok bana rehta hai.",,,,,,,,,,,,,,,,
empathy,"Samvedna ek marga prashasta ban jaati hai, jo yudh ke parinam se guzar rahe vyaktiyon ke beech, Hiroshima aur Nagasaki ke shikshaon ka pratibimb hai. Kya ekta is samasya ka samadhan hai, ya fir insani jodiyon ko ignore karna ek bura vichar hai?",,,,,,,,,,,,,,,,
resilience,"Atmasamarpita pradarshan, yudh ke bache hue asar ke saamne. Hiroshima aur Nagasaki mein dekha gaya punarsthapan ke bhavna ka pratibimb hai. Prashna yeh hai: Yudh mein bhag lene ka ek bura vichar hai, ya ekta ek samriddh bhavishya ke liye vijayi ho sakti hai??????????????????",,,,,,,,,,,,,,,,
compassion,"Yudh ke parinamswaroop daya ka uday ho raha hai, Hiroshima aur Nagasaki ke shikshaon ka anugami hai. Ek awaaz hai, jo na keval doosre vyaktiyon ke liye hai, balki jo duniya bhar mein dukh bhog rahe jeev-jantuon ke liye bhi hai. Kya ekta iska hal hai, ya yeh ek bura vichar hai daya ko ignore karne ka?",,,,,,,,,,,,,,,,
frustration,"Yudh ke parinam saamne aane par vyakti ka dukh. Hiroshima aur Nagasaki ke vinash ka yaad dilate hue. Kuch ise ek bura vichar ke roop mein dekhte hain, jabki doosre ekta se is tarah ki durghatnayein dobara na ho, iske liye awaaz uthate hain.",,,,,,,,,,,,,,,,
hopelessness,"Ashaheen bhavna, duniya yudh ke parinam ka sakshi bani hai, Hiroshima aur Nagasaki ke vinash ke pratibimb hai. Charcha jaari hai: Kya ekta is samasya ka hal hai, ya humein shanti banaye rakhne par dhyan dena chahiye, taki itihas ke galtiyon ko dobara na dohraya jaye?",,,,,,,,,,,,,,,,
disgust,"Manav tendulkar ko hinsa ka rujhan dekh kar gandagi ka anubhav. World War 1 ke parinam aur Hiroshima aur Nagasaki ke khatarnak asar se prerna lete hue. Kuch ise ek bura vichar ke roop mein condemn karte hain, jabki doosre ekta se aise apradhaon ko rokne ke liye awaaz uthate hain ????.",,,,,,,,,,,,,,,,
gratitude,"Ashaheen sthiti mein, manav jeevan ki aapas mein jod ko pehchana ja raha hai. Ek shapath hai, ki humein manav jeevan ko sanjivani dene ka kartavya hai. Kya ekta hi is disha mein hai, ya yeh ek bura vichar hai kritagya bhavna ko ignore karne ka?",,,,,,,,,,,,,,,,
guilt,"Yudh ke parinam ka bojh, jo uske asar aaj bhi dikhai deta hai. Itihas se sikh lena, jaise Hiroshima aur Nagasaki ne dikhaya. Prashna yeh hai: Kya yeh ek bura vichar hai, ki hum wahi galatiyan dobara karein, ya ekta humein shaanti bhara samarthan de sakti hai?",,,,,,,,,,,,,,,,
hopelessness,"??????????????????? Lekin manavon ki saanjha dukh bhavna ko mankar, humein uss path par chalne ki shakti milti hai, jo punarsthapan ki or le jaata hai.",,,,,,,,,,,,,,,,
hopelessness,"Yudh ke parinam ka anant bhavna ka chitran karta hai. Lekin manavon ki saanjha dukh bhavna ko mankar, humein uss path par chalne ki shakti milti hai, jo punarsthapan ki or le jaata hai.?????????????????",,,,,,,,,,,,,,,,
disgust,"Manav tendulkar ko hinsa ka rujhan dekh kar gandagi ka anubhav. World War 1 ke parinam aur Hiroshima aur Nagasaki ke khatarnak asar se prerna lete hue. Kuch ise ek bura vichar ke roop mein condemn karte hain, jabki doosre ekta se aise apradhaon ko rokne ke liye awaaz uthate hain.",,,,,,,,,,,,,,,,
gratitude,"Ashaheen sthiti mein, manav jeevan ki aapas mein jod ko pehchana ja raha hai. Ek shapath hai, ki humein manav jeevan ko sanjivani dene ka kartavya hai. Kya ekta hi is disha mein hai, ya yeh ek bura vichar hai kritagya bhavna ko ignore karne ka?",,,,,,,,,,,,,,,,
gratitude,"Ashaheen sthiti mein, manav jeevan ki aapas mein jod ko pehchana ja raha hai. Ek shapath hai, ki humein manav jeevan ko sanjivani dene ka kartavya hai. Kya ekta hi is disha mein hai, ya yeh ek bura vichar hai kritagya bhavna ko ignore karne ka?",,,,,,,,,,,,,,,,
guilt,"Yudh ke parinam ka bojh, jo uske asar aaj bhi dikhai deta hai. Itihas se sikh lena, jaise Hiroshima aur Nagasaki ne dikhaya. Prashna yeh hai: Kya yeh ek bura vichar hai, ki hum wahi galatiyan dobara karein, ya ekta humein shaanti bhara samarthan de sakti hai?",,,,,,,,,,,,,,,,
shame,Israel-Hamas War ke duniya arthvyavastha par hone wale asar par soch kar laaj mehsoos hoti hai. Manav khata aur arthik nuksan ne dikha diya ki dhiraj rakne ki avashyakta hai.,,,,,,,,,,,,,,,,
hope,"Israel-Hamas conflict ke toofan mein, ek kshamata smadhan ke liye asha hai. Duniya arthvyavastha ko sthirata aur punarsthapan ki talash hai.",,,,,,,,,,,,,,,,
guilt,Gilt ka bhayankar bhaar hai jab Israel-Hamas War duniya bhar mein gunkari hai. Arthik prabhavit hone par galtiyon ke parinam par vichar karne ki avashyakta hai.,,,,,,,,,,,,,,,,
guilt,Vishwa samuday ko bhayankar saara bhar bardasht karna pad raha hai jab Israel-Hamas War ka arthik prabhav samne aata hai. Dukh ko kam karne ke liye antarrashtriya sahayog ki zarurat hai.,,,,,,,,,,,,,,,,
disgust,Israel-Hamas conflict duniya arthvyavastha par dabi hui hani ka ek udaharan hai. Sthayi sthiti aur vikas ki anignore karne ki gustakhi dekhkar ghabrahat hoti hai.,,,,,,,,,,,,,,,,
hopelessness,Ashaheen bhavna duniya arthvyavastha par chhayi hai Israel-Hamas mahakumbh ke beech. Shattered economies ko punarsthapit karne aur sthayi shanti ki prerana ke liye ek samuhik prayas ki avashyakta hai.???????????????????,,,,,,,,,,,,,,,,
resilience,Israel-Hamas War ke duniya arthvyavastha par hone wale asar par bahas mein samarpan ki kshamata dikhai deti hai.????????????????? Punarsthapit karne aur punarsthapan ke liye dridh nishtha avashyak hai.,,,,,,,,,,,,,,,,
frustration,Israel-Hamas conflict ke arthik parinaam se paida hui frustration vyapt hai. Nijikaran ke liye diplomasik halon ki talash din-pratidin badhti ja rahi hai.,,,,,,,,,,,,,,,,
disgust,Israel-Hamas conflict duniya arthvyavastha par dabi hui hani ka ek udaharan hai. Sthayi sthiti aur vikas ki anignore karne ki gustakhi dekhkar ghabrahat hoti hai.,,,,,,,,,,,,,,,,
hopelessness,Ashaheen bhavna duniya arthvyavastha par chhayi hai Israel-Hamas mahakumbh ke beech. Shattered economies ko punarsthapit karne aur sthayi shanti ki prerana ke liye ek samuhik prayas ki avashyakta hai.???????????????????,,,,,,,,,,,,,,,,
hopelessness,Duniya ashaheen hai jab Israel-Hamas War ka arthik prabhav saamne aata hai. Turant upayon aur antarrashtriya sahayog ki zarurat hai punarsthapan ke liye.???????????????????,,,,,,,,,,,,,,,,
disgust,Israel-Hamas conflict duniya arthvyavastha par dabi hui hani ka ek udaharan hai. Sthayi sthiti aur vikas ki anignore karne ki gustakhi dekhkar ghabrahat hoti hai????.,,,,,,,,,,,,,,,,
gratitude,Yeh duniya ke liye krur hai jo Israel-Hamas conflict se seedha prabhit nahi hui. Sthayitva ko pehchanna vishesh roop se mahatva purna hai global arthvyavastha ke punarsthapan ke liye.,,,,,,,,,,,,,,,,
gratitude,Yeh duniya ke liye krur hai jo Israel-Hamas conflict se seedha prabhit nahi hui. Sthayitva ko pehchanna vishesh roop se mahatva purna hai global arthvyavastha ke punarsthapan ke liye.,,,,,,,,,,,,,,,,
guilt,"Bhayankar bhaar hai, jo rashtron ko Israel-Hamas War ke arthik parinaam ka pehla-haath mehsoos karana hai",,,,,,,,,,,,,,,,
guilt, Javabdehi aur antarrashtriya sahayog ke liye ek awaz uthai ja rahi hai.,,,,,,,,,,,,,,,,
hopelessness,Ashaheen bhavna duniya arthvyavastha par chhayi hai Israel-Hamas mahakumbh ke beech. Shattered economies ko punarsthapit karne aur sthayi shanti ki prerana ke liye ek samuhik prayas ki avashyakta hai.,,,,,,,,,,,,,,,,
guilt,Vishwa samuday ko bhayankar saara bhar bardasht karna pad raha hai jab Israel-Hamas War ka arthik prabhav samne aata hai. Dukh ko kam karne ke liye antarrashtriya sahayog ki zarurat hai.,,,,,,,,,,,,,,,,
grief,Dukh ka mahaul Israel-Hamas War ke arthik parinaam par chhayi hui hai. Manav aur arthik bhaari chaabuk mein ek sahayakta ka abhilashaan hai. ????????????,,,,,,,,,,,,,,,,
empathy,"empathy vah bridge hai jo rashtron ko jodta hai jo Israel-Hamas conflict ke parinaam se guzar rahe hain. Unity samasya ka hal ho sakta hai, ya kya human connection ko ignore karna ek bura vichar hai?????????????",,,,,,,,,,,,,,,,
frustration,Israel-Hamas conflict ke arthik parinaam se paida hui frustration vyapt hai. Nijikaran ke liye diplomasik halon ki talash din-pratidin badhti ja rahi hai.,,,,,,,,,,,,,,,,
resilience,Israel-Hamas War ke duniya arthvyavastha par hone wale asar par bahas mein samarpan ki kshamata dikhai deti hai. Punarsthapit karne aur punarsthapan ke liye dridh nishtha avashyak hai.,,,,,,,,,,,,,,,,
compassion,compassion antarrashtriya sahayog ke roop mein ubhar kar aata hai Israel-Hamas War ke parinaam ke baad. Ek awaaz hai jo nayi duniya ki or bula rahi hai.,,,,,,,,,,,,,,,,
grief,Dukh ka mahaul Israel-Hamas War ke arthik parinaam par chhayi hui hai. Manav aur arthik bhaari chaabuk mein ek sahayakta ka abhilashaan hai. ?????????,,,,,,,,,,,,,,,,
empathy,"empathy vah bridge hai jo rashtron ko jodta hai jo Israel-Hamas conflict ke parinaam se guzar rahe hain. Unity samasya ka hal ho sakta hai, ya kya human connection ko ignore karna ek bura vichar hai?",,,,,,,,,,,,,,,,
empathy,"empathy vah bridge hai jo rashtron ko jodta hai jo Israel-Hamas conflict ke parinaam se guzar rahe hain. Unity samasya ka hal ho sakta hai, ya kya human connection ko ignore karna ek bura vichar hai?",,,,,,,,,,,,,,,,
resilience,Israel-Hamas War ke duniya arthvyavastha par hone wale asar par bahas mein samarpan ki kshamata dikhai deti hai. Punarsthapit karne aur punarsthapan ke liye dridh nishtha avashyak hai.,,,,,,,,,,,,,,,,
compassion,compassion antarrashtriya sahayog ke roop mein ubhar kar aata hai Israel-Hamas War ke parinaam ke baad. Ek awaaz hai jo nayi duniya ki or bula rahi hai.,,,,,,,,,,,,,,,,
frustration,Israel-Hamas conflict ke arthik parinaam se paida hui frustration vyapt hai. Nijikaran ke liye diplomasik halon ki talash din-pratidin badhti ja rahi hai.,,,,,,,,,,,,,,,,
hopelessness,Ashaheen bhavna duniya arthvyavastha par chhayi hai Israel-Hamas mahakumbh ke beech. Shattered economies ko punarsthapit karne aur sthayi shanti ki prerana ke liye ek samuhik prayas ki avashyakta hai.,,,,,,,,,,,,,,,,
disgust,Israel-Hamas conflict duniya arthvyavastha par dabi hui hani ka ek udaharan hai. Sthayi sthiti aur vikas ki anignore karne ki gustakhi dekhkar ghabrahat hoti hai.,,,,,,,,,,,,,,,,
gratitude,Yeh duniya ke liye krur hai jo Israel-Hamas conflict se seedha prabhit nahi hui. Sthayitva ko pehchanna vishesh roop se mahatva purna hai global arthvyavastha ke punarsthapan ke liye.,,,,,,,,,,,,,,,,
gratitude,Yeh duniya ke liye krur hai jo Israel-Hamas conflict se seedha prabhit nahi hui. Sthayitva ko pehchanna vishesh roop se mahatva purna hai global arthvyavastha ke punarsthapan ke liye.,,,,,,,,,,,,,,,,
shame,Duniya yudh samasya par vichar karke ek gehra sharmindagi ka ehsaas hota hai. Manav kriyaon ke parinaam ne itihas par gehra prabhav chhoda hai.,,,,,,,,,,,,,,,,
hope,"Nirasha ke bawajood, manav atma mein ek kiran hai. Ek vishwas ki aasha hai ki ek ujwal bhavishya ki or jana ja sakta hai, yudh ke parinaam mein bhi.",,,,,,,,,,,,,,,,
guilt,"guilt hamesha rehti hai jab hum sankat ke samay liye gaye chunautiyon par vichar karte hain. Antaratma par ek bojh, jo aatma-chintan aur pichhle bhoolon se seekhne ki or prerit karta hai.",,,,,,,,,,,,,,,,
disgust,"Yudh ke bhayankar drishya gahra ghrina ka ehsaas dilate hain. Manushyon aur jeev-jantuon dwara saha jata insanata ka sakshatkar, hamare pas daya aur karuna ki avashyakta ko stark dikhata hai????.",,,,,,,,,,,,,,,,
hopelessness,"Yudh ke parinaam mein, ek ashavadi bhavana duniya ko dhak leti hai. Fir bhi, iske andar, punarsthapit karne aur chikitsa karne ki ashayen hain, chunautiyon ke bawajood.???????????????????",,,,,,,,,,,,,,,,
resilience,"Duniya yudh samasya ne manavta aur prakriti ki sahansheelata ko parakh liya.????????????????? Tabahi ke bavajood, jeene aur punarsthapit karne ki samuhik ichha shakti ka prakatikaran hota hai.",,,,,,,,,,,,,,,,
frustration,"Yudh ke parinaam se asantosh ka echo hota hai. Tabahi ke samne shaktihin hone ka anubhav, hume prashna karne, samadhan khojne aur ek shant jivan ki or prayas karne ke liye badha karta hai.",,,,,,,,,,,,,,,,
gratitude,"Jivan bach gaye aur punarsthapit karne ka mauka mila ke liye krutagnata ka abhas hota hai. Har saans, chahe manav ho ya jeev-jantu, use qimati tohfa mana jata hai, sabhi jivanon ke atyant samvedana mein.",,,,,,,,,,,,,,,,
grief,"Dukh hazaron jindagiyon par ek chhaon dalta hai. Ek samuhik shok, jeev aur jeev-jantu dono ke liye, jo yudh ke kroortavyapurn parinaam mein ghaatak hue. ??????????????",,,,,,,,,,,,,,,,
empathy,"empathy ek prakashdoot ban jaata hai, jo manushyon aur prabhavit jeev-jantuon ke beech ek jodh banata hai. Ek saanjha samajh, jo jati simaon ko par karne wali hai.",,,,,,,,,,,,,,,,
compassion,"compassion yudh ke parinaam mein ek marga-darshan shakti ke roop mein ubhar aata hai. Ek awaaz, jo daya sirf hamare saathi manushyon ke liye hi nahin, balki hamare aas-paas ke dukh mein bhi daya bharne ka avasar deti hai.",,,,,,,,,,,,,,,,
hope,"Yeh sharam ka bhoj hai, jab hum sochte hain ki humare actions se kitni badi nuksan hui, ek nayi raah ki talash mein.",,,,,,,,,,,,,,,,
guilt,"World War ke baad, ek kiran umeed ki chamakti hai. Human spirit ka resilience, jo humein yeh batata hai ki ek behtar future mumkin hai.",,,,,,,,,,,,,,,,
disgust,"guilt, ek bhari bojh jo unke upar hai jo war ke time par kuch choices karte hain. Ek lamha jo aatma-chintan aur sudhar ki talash mein prerit karta hai????.",,,,,,,,,,,,,,,,
hopelessness,"War ke horrors se ek gehra nafrat mehsoos hota hai. Jo inhumanity ko dekhte hain, woh insaan aur janvar dono ke jeevan par gehra asar chhodta hai.???????????????????",,,,,,,,,,,,,,,,
resilience,"Vinash ke beech mein, ek vyapt sense of hopelessness. Par iske andar, resilience ke beej hain, jo humein yaad dilata hai ki andhere mein bhi ek naya savera mumkin hai.",,,,,,,,,,,,,,,,
frustration,"War ne test kiya human aur janvar communities ka resilience. Tab bhi, jab sab kuch barbaad ho gaya, jeene aur dobara banana ki ichha ne bhaari padaksha le liya.",,,,,,,,,,,,,,,,
guilt,Yudh ke karan desh ke liye kuch na kar paane ka gunaah mujhe hamesha khaayega. Lekin ab humein saath milke aage badhna hoga. ?? guiltTrip hopeForBetter,,,,,,,,,,,,,,,,
fear,"Yuddh ke bhay mein, ghar, vyapar, aur swasthya ka khona sir par chadha hua hai. ?? Ab samay hai shanti ke liye ek saamuhik awaz uthane ka.",,,,,,,,,,,,,,,,
fear,"Har din, yudh ke khatre se dil ghabrata hai. Apne sapno ka ant nahin dekhna chahte. ?? StopTheWar PrayForPeace",,,,,,,,,,,,,,,,
anger,"Yudh ke karan khoya gaya sab kuch, iske khilaf mera gussa anant hai. Humara desh, humara haq. ?? NoToWar",,,,,,,,,,,,,,,,
anger,"Aman chahte hain, nafrat nahi. Yudh ke atyachaaron se bhara hua dil gusse se bhar gaya hai. ?? AgainstInjustice NeverBackDown",,,,,,,,,,,,,,,,
sadness,"Yudh ne sab kuch le liya hai - ghar, vyapar, aur sukh. Aankhon mein aansu chhupa hua hai. ?? WarTfearsApart HumanityCries",,,,,,,,,,,,,,,,
sadness,"Har roj, yudh ke nuksan se dil toota hai. Pyari cheezein gayab ho rahi hain, aur dukh badh raha hai. ?? LossIsDeep Wargrief",,,,,,,,,,,,,,,,
anxiety,"Yudh ka ant nahi dikhai deta, iske baare mein sochkar chinta hoti hai. Kab hoga yeh samapt? ?? AnxiousThoughts EndTheConflict",,,,,,,,,,,,,,,,
anxiety,Yudh ke baare mein sochkar aankhon mein aansu aate hain. Arthik sthiti ka anishchay aur bhi badh raha hai. ?? FinancialLoss,,,,,,,,,,,,,,,,
shame,Yudh ke atyachaaron ke liye sharminda hoon. Apne desh ka yeh drishya dekh kar dil dukhta hai. ?? shamefulWar ReflectAndChange,,,,,,,,,,,,,,,,
shame,Hum apne desh mein itne dukh bhara manzar kyun dekh rahe hain? Yeh samay hai sudharne ka. ????? StopTheWar ChangeForBetter,,,,,,,,,,,,,,,,
guilt,Desh ke liye kuch nahi kar paane ka gunaah satata hai. Hum sabko milke kuch karna hoga. ?? guiltTrip WishICouldHelp,,,,,,,,,,,,,,,,
guilt,"Yudh ko rokna hamara farz tha, par main kuch nahi kar paya. Yeh aatma ghanti bajati rahegi. ?? guiltTrip NoToWar",,,,,,,,,,,,,,,,
hopelessness,"Yudh ka ant nahi dikhai deta, aur yeh niraasha humein kuchal rahi hai. Kab hoga shanti ka waqt? ?? hopeless NoEndInSight",,,,,,,,,,,,,,,,
hopelessness,"Yudh ke chakkar mein, asha ki kiran bhi nahi dikh rahi. Hum sabko ek saath milkar badlav laana hoga. ?? NeverEndingStrife",,,,,,,,,,,,,,,,
frustration,Yudh dekh kar dil bhara hua hai frustration se. Yeh tabahi humare desh ko kyun dekhni pad rahi hai? ?? FrustratedHfeart,,,,,,,,,,,,,,,,
disgust,"frustration war ke consequences mein gunjti hai. Ek feeling of powerlessness, tab jab tabahi ke saamne, humein sawaal karna aur solutions dhoondhne par majboor karta hai.",,,,,,,,,,,,,,,,
hopelessness,A renewed sense of disgust at the destructive impact of hopelessness. A collective plea for change and the pursuit of a better world.,,,,,,,,,,,,,,,,
guilt,"In the shadows of hopelessness, seeds of resilience emerge. A reminder that even in the darkest moments, a new dawn is within reach.",,,,,,,,,,,,,,,,
grief,"guilt reverberates, a poignant reminder of responsibility. An acknowledgment of the need for understanding and rectifying past actions.",,,,,,,,,,,,,,,,
empathy,grief casts a shadow over the countless lives lost. A collective mourning for the souls that succumbed to the brutality of the crisis.????????,,,,,,,,,,,,,,,,
frustration,"Samvedana becomes a guiding light, fostering connection and understanding between humans. A shared bond that transcends individual experiences.",,,,,,,,,,,,,,,,
resilience,frustration echoes through the consequences of crisis. The feeling of powerlessness prompts a collective push for solutions and positive change.,,,,,,,,,,,,,,,,
compassion,"The crisis tests the resilience of communities. Despite devastation, the will to survive and rebuild prevails, offering a path forward.",,,,,,,,,,,,,,,,
grief,"compassion emerges as a guiding force. A call to extend kindness to fellow humans and the world at large, fostering healing and unity. ??????????",,,,,,,,,,,,,,,,
empathy,"grief persists, a collective acknowledgment of the loss endured. A shared mourning for the lives lost and a commitment to honor their memory.??????????",,,,,,,,,,,,,,,,
resilience,"Samvedana becomes a guiding light, fostering connection and understanding between humans who have experienced the aftermath of war, mirroring the lessons from Hiroshima and Nagasaki. Is unity the solution, or is it a bad idea to ignore the human connection?",,,,,,,,,,,,,,,,
compassion,resilience emerges as a beacon amid the ruins. The determination to rebuild not only human communities but also the habitats and ecosystems that sustain animal life.,,,,,,,,,,,,,,,,
frustration,"compassion, a call to action in the face of war's aftermath. An acknowledgment that extending compassion to animals is integral to rebuilding a harmonious world.",,,,,,,,,,,,,,,,
hopelessness, The challenge to channel this frustration into constructive efforts for the restoration of both human and animal communities.???????????????????,,,,,,,,,,,,,,,,
frustration,"A pervasive sense of hopelessness blankets the post-war landscape. Yet, within it, the seeds of resilience sprout, offering the promise of a brighter future for both humans and animals.",,,,,,,,,,,,,,,,
shame,"Yuddha ke haalaat se bahut dar lag raha hai. Ab kya hoga humara future, humare family himaraghar sab barbaad ho gaya. Kyun log ek dusre ko jeenay nahi dete?",,,,,,,,,,,,,,,,
hope,Is yuddha mein itne saare maasumon ki jaan kyun ja rahi hai?,,,,,,,,,,,,,,,,
guilt,Yuddha ne humein apni bhoolon par sochne par majboor kiya hai. Kuch faisle humare jeevan par bhaari pad gaye hain.,,,,,,,,,,,,,,,,
disgust,"In the midst of war, the atrocities committed are beyond comprehension. The disgust and horror at the inhumanity witnessed are overwhelming????.",,,,,,,,,,,,,,,,
hopelessness,"Yuddha ke baad, ek overwhelming sense of hopelessness hai. Par kahin na kahin, ek nayi shuruat ke liye kuch asha ki kiran bani rehti hai.",,,,,,,,,,,,,,,,
resilience,"Yuddha ne hamare samuday ko test kiya hai, lekin hamari takat aur taaqat ka izhaar bhi hua hai. Rebuilding ki raah par chalna mushkil hai, lekin mumkin hai.",,,,,,,,,,,,,,,,
frustration,"Yuddha ke consequences mein humein ek feeling of frustration hai. Aisa lagta hai ki hum kuch nahi kar sakte, lekin kya humein is frustration ko constructive change ke liye channelize karna chahiye?",,,,,,,,,,,,,,,,
empathy,Yuddha ne humein ek dusre ke dukh mein shaamil hone ki zarurat ko samajhne ka mauka diya hai. Hamara ek dusre ke prati samvedana aur sahayog ek majboot samvedana ko paida karta hai.????????????,,,,,,,,,,,,,,,,
compassion,"Yuddha ke baad, ek call to extend compassion not only to fellow humans but also to the suffering world around us. Ek collective effort to rebuild and protect the diverse forms of life that share our world.",,,,,,,,,,,,,,,,
grief,Yuddha ne humein bahut se masoomon ki mauton ka dukh diya hai. Hum sab milke unki yaadon ko sammanit karte hain aur unke saath anuyayi hain. ????????,,,,,,,,,,,,,,,,
gratitude,"Yuddha ke baad, gratitude humein yeh batata hai ki har ek pal, chahe woh insaan ho ya janwar, bahut keemti hai. Ek ahsaas ki humein har zindagi ki qadr karni chahiye.",,,,,,,,,,,,,,,,
shame,"Yuddha ke halat se bahut dar lag raha hai. Ab kya hoga hamara future, hamare family himaraghar sab barbaad ho gaya. Kyun log ek dusre ko jeenay nahi dete?",,,,,,,,,,,,,,,,
hope,Is yuddha mein itne saare maasumon ki jaan kyun ja rahi hai?,,,,,,,,,,,,,,,,
guilt,Yuddha ne humein apni bhoolon par sochne par majboor kiya hai. Kuch faisle humare jeevan par bhaari pad gaye hain.,,,,,,,,,,,,,,,,
disgust,"War ke beech mein jo apradh hote hain, woh samajh se pare hain. Jo inhumanity dekhi ja rahi hai, uss par jo disgust aur horror mehsoos ho raha hai, woh bharpoor hai.",,,,,,,,,,,,,,,,
hopelessness,"Yuddha ke baad, ek overwhelming sense of hopelessness hai. Par kahin na kahin, ek nayi shuruat ke liye kuch asha ki kiran bani rehti hai.",,,,,,,,,,,,,,,,
resilience,"Yuddha ne hamare samuday ko test kiya hai, lekin hamari takat aur taaqat ka izhaar bhi hua hai. Rebuilding ki raah par chalna mushkil hai, lekin mumkin hai?????????????????.",,,,,,,,,,,,,,,,
frustration,"Yuddha ke consequences mein humein ek feeling of frustration hai. Aisa lagta hai ki hum kuch nahi kar sakte, lekin kya humein is frustration ko constructive change ke liye channelize karna chahiye?",,,,,,,,,,,,,,,,
empathy,Yuddha ne humein ek dusre ke dukh mein shaamil hone ki zarurat ko samajhne ka mauka diya hai. Hamara ek dusre ke prati samvedana aur sahayog ek majboot samvedana ko paida karta hai.??????????,,,,,,,,,,,,,,,,
compassion,"Yuddha ke baad, ek call to extend compassion not only to fellow humans but also to the suffering world around us. Ek collective effort to rebuild and protect the diverse forms of life that share our world.",,,,,,,,,,,,,,,,
grief,Yuddha ne humein bahut se masoomon ki mauton ka dukh diya hai. Hum sab milke unki yaadon ko sammanit karte hain aur unke saath anuyayi hain. ????????,,,,,,,,,,,,,,,,
gratitude,"Yuddha ke baad, gratitude humein yeh batata hai ki har ek pal, chahe woh insaan ho ya janwar, bahut keemti hai. Ek ahsaas ki humein har zindagi ki qadr karni chahiye.",,,,,,,,,,,,,,,,
shame,Yuddha ke dauran hume apne karmo par sharminda hone ka ehsaas hota hai.,,,,,,,,,,,,,,,,
hope,"Yuddha ke baad, umeed ka ek chhota sa kona nazar aata hai.",,,,,,,,,,,,,,,,
guilt,Yuddha ke fasle ne kuch logon ko apne faislon par khed mehsoos karne par majboor kiya hai.,,,,,,,,,,,,,,,,
disgust,Yuddha ke atyachar dekh kar vyakti mein ek gehra nafrat ka ehsaas hota hai.,,,,,,,,,,,,,,,,
hopelessness,"Yuddha ke baad, ek overwhelming sense of hopelessness chha jata hai.???????????????????",,,,,,,,,,,,,,,,
resilience,"Yuddha ne humare samarthya ki pareeksha li hai, lekin hum phir bhi khade hain.",,,,,,,,,,,,,,,,
frustration,"Yuddha ke parinaam se humein ek frustration ka ehsaas hota hai, jab humein kuch nahi karne ka lagta hai.",,,,,,,,,,,,,,,,
empathy,Yuddha ne humein ek dusre ke dard ko samajhne ke liye badhawa diya hai.??????????,,,,,,,,,,,,,,,,
compassion,"Yuddha ke baad, ek call hai compassion ko badhane ka, na sirf insano ke liye, balki duniya ke liye bhi.",,,,,,,,,,,,,,,,
grief,Yuddha mein humein bahut se masoomon ki mauton ka dukh hota hai. ??????,,,,,,,,,,,,,,,,
gratitude,"Yuddha ke baad, gratitude hume yeh sikhata hai ki har pal ka qadr karna zaroori hai.",,,,,,,,,,,,,,,,
guilt,War ke dauran liye gaye faislon se kuch log apne aap ko guilt mehsoos karte hain.,,,,,,,,,,,,,,,,
grief,Har yuddha se humein bahut se apno ki mauton ka dukh hota hai. ??????????????,,,,,,,,,,,,,,,,
empathy,"Yuddha ke baad, humein ek dusre ke dard ko samajhne ki kshamata milti hai.",,,,,,,,,,,,,,,,
resilience,"Yuddha ne hume dikhaya hai ki insani shakti mein kitna dum hota hai, aur hum uss par vishwas karte hain.",,,,,,,,,,,,,,,,
compassion,"Yuddha ke parinaam swaroop, humein ek dusre ke prati dayalu banne ki zarurat hai.",,,,,,,,,,,,,,,,
frustration,"Yuddha ke natije se humein ek frustration ka ehsaas hota hai, lekin kuch log isse positive change mein badalne ki koshish karte hain.",,,,,,,,,,,,,,,,
hopelessness,"Yuddha ke baad, ek overwhelming sense of hopelessness chha gaya hai, lekin kuch logon mein abhi bhi asha ki kiran hai.?????????????",,,,,,,,,,,,,,,,
gratitude,"Yuddha ke bavjud bhi, gratitude humein yeh sikhata hai ki humein apne zindagi aur pyaaron ka kimti honsla rakhna chahiye.",,,,,,,,,,,,,,,,
disgust,Yuddha mein huye kuch ghatnakon se logon mein ek gahra nafrat ka ehsaas hota hai.,,,,,,,,,,,,,,,,
hope,"Yuddha ke baad bhi, kuch log umeed se bhare hain ki hum ek behtar bhavishya ki ore badh rahe hain.",,,,,,,,,,,,,,,,
shame,"Yuddha ke asar se, kuch log apne samaj ko ek naye drishtikon se dekh rahe hain, aur unhe is baat ka ehsaas hai ki humein apne actions par gaur karna chahiye.",,,,,,,,,,,,,,,,
hope,"Yuddha ke baavjud, kuch log umeed mein hain ki hum ek saath milkar is mushkil samay se bahar nikalenge aur ek majboot samaj banayenge.",,,,,,,,,,,,,,,,
guilt,"guilt ek bhari bojh hai, jo un logon ke upar hota hai jo yuddha ke dauran kuch faisle lete hain. Woh is bojh ko mehsoos karte hain aur sudhar ki talash mein hote hain.",,,,,,,,,,,,,,,,
disgust,"Yuddha ke horrors dekh kar, logon mein ek gehra nafrat ka ehsaas hota hai. Inhumanity ke khilaaf, insaan aur janvaron par gehra asar hota hai.",,,,,,,,,,,,,,,,
resilience,"Yuddha ke parinaam swaroop, humein yeh sikhata hai ki insani aur janvari samuday mein kitni taakat hai ki woh tabahi se bahar nikal sakte hain?????????????????.",,,,,,,,,,,,,,,,
frustration,"Yuddha ke consequences mein humein frustration ka mehsoos hota hai. Aisa lagta hai ki hum kuch nahi kar sakte, lekin kuch log is frustration ko positive change mein badalne ka prayas karte hain.",,,,,,,,,,,,,,,,
gratitude,"Yuddha ke baad bhi, gratitude humein yeh sikhata hai ki humein apne zindagi aur pyaaron ka kimti honsla rakhna chahiye.",,,,,,,,,,,,,,,,
grief,"Yuddha ke karan huye nuksaan par, logon mein ek samvedana bani rehti hai. Hum ek dusre ke saath milke apne chhote-chhote kshatiyon ka samna karte hain.",,,,,,,,,,,,,,,,
empathy,"Yuddha ke dauran, samvedana ban jati hai jo logon ko ek dusre ke dard ko mehsoos karne mein madad karti hai.",,,,,,,,,,,,,,,,
compassion,"Yuddha ke baad, compassion ek badi bhumika nibhata hai, jise extend karke hum apne samaj ko dobara banane ki aur badhate hain.",,,,,,,,,,,,,,,,
gratitude,"Shukriya ka ehsaas badhta hai, khaamoshiyon mein zindagiyo ke aapas mein judne ka. Musibat ka samna karte hue, har pal ki qadr karna, yeh humara rasta pradarshit karta hai.",,,,,,,,,,,,,,,,
guilt,"guilt ka bojh saath chalta hai, war ke andhere mein liye gaye faisle ka ek bhayanak smarank. Kya humare galtiyon ko maan lena, mukti aur shifa ki taraf ka rasta banasakta hai?",,,,,,,,,,,,,,,,
hopelessness,"hopelessness lambi chhaon daalti hai, lekin iske andar, resilience ke beej chhup jaate hain. Ek yaad dilane wala hai ki sabse andhere palon mein bhi, insani atma mein jeene aur dobara banana ki shakti hai.???????????????????",,,,,,,,,,,,,,,,
grief,"Dukh se ghoonth chali hai, samudaay ke dil mein, jinka shok hai yudh ke vinash ne ghaera. Har aatma ko yaad kiya jata hai, har kahani unki yaadon mein shaamil hai. ??????????????????",,,,,,,,,,,,,,,,
empathy,"empathy ek pul ban jaata hai, jo yudh ke tez tano ko mahsus kar chuke dil se dil milata hai. Ek doosre ke dukh ko samajhne mein, kya hum shifa ke liye zaroori samvedana ka maidan khol sakte hain???????????",,,,,,,,,,,,,,,,
frustration,"frustration yudh ke parinaam saamne aate hain, ek badlav ki guhar ko mehsoos karte hain. Kya yeh frustration hamara ekshaan ko jala sakti hai?",,,,,,,,,,,,,,,,
resilience,"resilience raunak lekar samne aata hai, insaniyat ki atal bhavna ka praman. Vinash ke bawajood, punarnirman ki ichha ek shaktishaali bal banti hai.",,,,,,,,,,,,,,,,
compassion,"compassion ek kriyashil shakti ban jaata hai, jo humein nahi sirf humare saathi insano ke liye balki duniya mein chot khaye hue har jeev ke liye bhi meherbaani badhane ke liye kehta hai.",,,,,,,,,,,,,,,,
gratitude,"Sab kuch kho diya hai, lekin kuch cheezein toh bachi hain. Shukriya un lamhon ka, jinmein mohabbat aur pyaar tha.",,,,,,,,,,,,,,,,
guilt,"Roz raat ko sone se pehle, yeh sochta hoon ki kya maine galat kadam uthaya hai? Kya meri galti ne mujhe aur meri family ko is halat mein daal diya?",,,,,,,,,,,,,,,,
hopelessness,Kuch dino se lagta hai jaise sab kuch khatam ho gaya hai. Kya is zindagi ko dobara basaaya ja sakta hai????????????????????,,,,,,,,,,,,,,,,
grief,"Har roz ek naya dukh, har pal mein kisi na kisi ko yaad karna. Yeh dard aur takleef humare dilo ko choo gaya hai.",,,,,,,,,,,,,,,,
empathy,"Har shakhs apne apne dukh mein dooba hua hai. Hum ek doosre ke dukh mein sharik hain, ek doosre ko samajh rahe hain.",,,,,,,,,,,,,,,,
frustration,"Kya koi sunega? Har jagah frustration hai, kyun ki humein mehsoos hota hai ki hum kuch nahi kar sakte, par kuch karna zaroori hai.",,,,,,,,,,,,,,,,
resilience,"Humare dil mein bhi toofan chhaya hua hai, par humein dobara khada hone ki taaqat milti hai. Har naye din mein, ek nayi koshish ki taraf badhna.",,,,,,,,,,,,,,,,
compassion,"Duniya ne hume takleef di hai, lekin is dukh bhari duniya mein bhi humein ek doosre ke saath mehsoos karne ka mauka diya hai. Ek doosre ki madad mein, saath chalne mein, yehi humara hosla badha raha hai.",,,,,,,,,,,,,,,,
grief,"Har lamha mein ek aur yaad. Har chhat pe, har raaste mein, har kona mein, kisi na kisi ki yaadon ka saya hai. ??????????????????",,,,,,,,,,,,,,,,
empathy,Hum sab ek doosre ke saath hai. Dukh aur takleef ne humein ek doosre ke paas laya hai. Ismein hamara ek alag hi rishta hai.????,,,,,,,,,,,,,,,,
empathy,"Har kisi ka apna kahani hai, har kisi ke dil mein chhupa hua dard hai. Hum ek doosre ko samajh rahe hain, aur ek doosre ka saath de rahe hain.",,,,,,,,,,,,,,,,
resilience,"Yeh toofan bhi guzar jayega. Humne toofano ka samna kiya hai, aur hum phir se khade hokar apni zindagi ko nayi raah par le jayenge?????????????????.",,,,,,,,,,,,,,,,
resilience,"Har mushkil ka hal humare andar chhupa hua hai. Bas, humein uss raah ko dhoondhna hai. Fir chahe jo bhi aaye, hum tayyar hain?????????????????.",,,,,,,,,,,,,,,,
compassion,"Har kona, har janwar, har insaan - sabhi ek doosre ke liye mahatva purna hai. Humein ek doosre ke saath rehne ki zarurat hai, ek doosre ki madad karne ki zarurat hai.",,,,,,,,,,,,,,,,
frustration,Kya humein yeh sab bardasht karna padega? Kyun humein yeh sab sahaana pad raha hai? Yeh sawaal roz humare dil mein ghoomta hai.,,,,,,,,,,,,,,,,
shame,Yudh se hinsa aur tabahi ka ahsaas hota hai. Public safety ko ignore karna ek badi sharmnak galti hai. ??,,,,,,,,,,,,,,,,
shame,Public safety ke liye kisi bhi desh ka bhaavnaatmak dhyan nahi dena ek bhayanak sharmnak hai. ?????,,,,,,,,,,,,,,,,
guilt,Yudh ke karan hamare desh ka naam roshan karna mushkil ho jaata hai. Public safety ko ignore karna ek jurm hai. ??,,,,,,,,,,,,,,,,
hopelessness,"Yudh ka ant nahi dikhta, aur isse hamare dil mein niraasha bhar jaati hai. Public safety ke liye kuch karna zaroori hai. ??",,,,,,,,,,,,,,,,
frustration,Yudh ke karan hamara samaj aur vatavaran barbaad ho raha hai. Is tabahi se bahut khijh aati hai. ??,,,,,,,,,,,,,,,,
frustration,Yudh se aane wale nuksanon ko dekhkar gussa aa raha hai. Public safety ko ignore karna bilkul bhi sahi nahi hai. ??,,,,,,,,,,,,,,,,
disgust,"Yudh se hamare vatavaran ko nuksan hota hai, aur yeh kroor hai. Public safety ko ignore karna ek ghinna ka kaam hai. ??",,,,,,,,,,,,,,,,
grief,"Yudh ke karan hum apnon ko khote hain, aur yeh dukh bhara hai. Public safety ka dhyan rakhna hamein bacha sakta hai. ??",,,,,,,,,,,,,,,,
empathy,Yudh ke karan peedit logon ki madad karna hamara farz hai. Public safety ke liye saath dena zaroori hai. ??,,,,,,,,,,,,,,,,
resilience,Yudh ke bawajood humein strong rehna hoga. Public safety ko prioritise karna hamein majboot banayega. ??,,,,,,,,,,,,,,,,
compassion,Yudh ke chalte peedit logon ki madad karna hamara insaani farz hai. Public safety ke liye saath dena zaroori hai. ??,,,,,,,,,,,,,,,,
gratitude,"Yudh ke bawajood, humein shaanti ka ahsaas hai aur iske liye hamara shukriya ada karna chahiye. ??",,,,,,,,,,,,,,,,
fear,"Yuddh ke bhay mein, ghar, vyapar, aur swasthya ka khona sir par chadha hua hai. ?? Ab samay hai shanti ke liye ek saamuhik awaz uthane ka.",,,,,,,,,,,,,,,,
fear,"Har din, yudh ke khatre se dil ghabrata hai. Apne sapno ka ant nahin dekhna chahte. ?? StopTheWar PrayForPeace",,,,,,,,,,,,,,,,
anger,"Yudh ke karan khoya gaya sab kuch, iske khilaf mera gussa anant hai. Humara desh, humara haq. ?? NoToWar",,,,,,,,,,,,,,,,
anger,"Aman chahte hain, nafrat nahi. Yudh ke atyachaaron se bhara hua dil gusse se bhar gaya hai. ?? AgainstInjustice NeverBackDown",,,,,,,,,,,,,,,,
sadness,"Yudh ne sab kuch le liya hai - ghar, vyapar, aur sukh. Aankhon mein aansu chhupa hua hai. ?? WarTfearsApart HumanityCries",,,,,,,,,,,,,,,,
sadness,"Har roj, yudh ke nuksan se dil toota hai. Pyari cheezein gayab ho rahi hain, aur dukh badh raha hai. ?? LossIsDeep Wargrief",,,,,,,,,,,,,,,,
anxiety,"Yudh ka ant nahi dikhai deta, iske baare mein sochkar chinta hoti hai. Kab hoga yeh samapt? ?? AnxiousThoughts EndTheConflict",,,,,,,,,,,,,,,,
anxiety,Yudh ke baare mein sochkar aankhon mein aansu aate hain. Arthik sthiti ka anishchay aur bhi badh raha hai. ?? FinancialLoss,,,,,,,,,,,,,,,,
shame,Yudh ke atyachaaron ke liye sharminda hoon. Apne desh ka yeh drishya dekh kar dil dukhta hai. ?? shamefulWar ReflectAndChange,,,,,,,,,,,,,,,,
shame,Hum apne desh mein itne dukh bhara manzar kyun dekh rahe hain? Yeh samay hai sudharne ka. ????? StopTheWar ChangeForBetter,,,,,,,,,,,,,,,,
guilt,Desh ke liye kuch nahi kar paane ka gunaah satata hai. Hum sabko milke kuch karna hoga. ?? guiltTrip WishICouldHelp,,,,,,,,,,,,,,,,
guilt,"Yudh ko rokna hamara farz tha, par main kuch nahi kar paya. Yeh aatma ghanti bajati rahegi. ?? guiltTrip NoToWar",,,,,,,,,,,,,,,,
hopelessness,"Yudh ka ant nahi dikhai deta, aur yeh niraasha humein kuchal rahi hai. Kab hoga shanti ka waqt? ?? hopeless NoEndInSight",,,,,,,,,,,,,,,,
hopelessness,"Yudh ke chakkar mein, asha ki kiran bhi nahi dikh rahi. Hum sabko ek saath milkar badlav laana hoga. ?? NeverEndingStrife",,,,,,,,,,,,,,,,
frustration,Yudh dekh kar dil bhara hua hai frustration se. Yeh tabahi humare desh ko kyun dekhni pad rahi hai? ?? FrustratedHfeart,,,,,,,,,,,,,,,,
frustration,"Har din yudh ka ant dur hota ja raha hai, lekin frustration badhta ja raha hai. Kab tak yeh chalega? ?? EndlessConflict",,,,,,,,,,,,,,,,
disgust,Yudh ke kroor drishya se ghin aati hai. Humare desh mein itna kyun ho raha hai? ?? StopTheCarnage Wardisgust,,,,,,,,,,,,,,,,
disgust,Insaaniyat ke naam par kiye ja rahe yudh ke karan humein disgust hai. Aman ka daaman phailana zaroori hai. ??,,,,,,,,,,,,,,,,
grief,Yudh se ghar se beghar hokar logon ka dukh dekhkar dil bahut dukhta hai. WarTfearsApart HumanityCries ??,,,,,,,,,,,,,,,,
grief,"Humare desh ke yudh se itne logon ki jaan gayi, unke parivaaron ka gham kya hota",,,,,,,,,,,,,,,,
gratitude,"Despite the turmoil of war, let's be grateful for those who strive for peace and work towards a better world. ??",,,,,,,,,,,,,,,,
frustration,"Har din ek naya sawaal, har din ek nayi chunauti. Lekin humein himmat nahi haarni chahiye.",,,,,,,,,,,,,,,,
hopelessness,Kab tak yeh andhera rahega? Kab tak humein aise jeene ko majboor kiya jaayega?,,,,,,,,,,,,,,,,
disgust,"Har din ek nayi khabar, har din ek aur vilin. Yeh sab dekh kar insaan ko apne aap par nafrat si hone lagti hai.",,,,,,,,,,,,,,,,
gratitude,"Phir bhi, kuch cheezein hain jo humein asliyat yaad dilati hain. Khud ko shukriya ada karna, apne aap ko aur apne aas-paas ke logon ko.",,,,,,,,,,,,,,,,
gratitude,"Har roz ek nayi subah, har subah ek nayi kiran. Shayad yeh humein dikhaye ki kuch naya shuruat ho sakti hai.",,,,,,,,,,,,,,,,
guilt,Aaj kal yeh sawaal mere mann mein ghoomta rehta hai - kya maine sahi cheezein ki hain? Kya meri kuch galtiyaan hain?,,,,,,,,,,,,,,,,
hopelessness,"Har roz ek nayi kahani sunte hain, har ek sunke dil mein ek nayi jagah khali ho jaati hai. Kya yeh khatam hoga kabhi?",,,,,,,,,,,,,,,,
grief,"Har maa apne bachon ke liye dua karti hai, ki unka bhavishya safe rahe. Lekin aaj kal yeh duaon ka asar hi nahi lagta, kyun?",,,,,,,,,,,,,,,,
empathy,Duniya bhar mein insaan aur janwar ek doosre ke saath hai. Unke dukh mein shaamil hone ka ehsaas bahut zaroori hai.??????????,,,,,,,,,,,,,,,,
frustration,"Har ek headline padhke lagta hai ki humein kuch karna chahiye, lekin phir lagta hai ki hum kya kar sakte hain?",,,,,,,,,,,,,,,,
disgust,"Kuch log sirf apne matlab ke liye kuch bhi karne ko taiyar hain, chahe uska koi bhi bhaavna ho. Inmein insaniyat kahan hai?",,,,,,,,,,,,,,,,
hope,"Har mushkil ka hal hai, bus humein ek doosre ko samajhne ka iraada rakhna chahiye. Shayad ismein hi humara future hoga.",,,,,,,,,,,,,,,,
resilience,"Har mushkil se guzarna part of life hai. Haar nahi, himmat se ladna, aur dobara kuch banane ka junoon - yeh humein zindagi mein aage badhne ka power deta hai.",,,,,,,,,,,,,,,,???????????????
compassion,Kya ek chhota sa act of kindness duniya ko badal sakta hai? Shayad haan. Isiliye humein apne aspaas ke logon ki madad karna chahiye.,,,,,,,,,,,,,,,, ??????????????????
hopelessness,"Har cheez badal rahi hai, aur lagta hai ki kuch bhi control mein nahi hai. Phir bhi, kyun lagta hai ki kahin na kahin ek tareeka zaroor milega??????????????",,,,,,,,,,,,,,,,
gratitude,"Har subah ek nayi roshni lekar aati hai. Ek nayi din, ek nayi shuruaat. Yeh khayal mujhe gratitude ka ehsaas dilata hai.",,,,,,,,,,,,,,,,
guilt,"Har din lagta hai ki kuch galat ho raha hai, aur shayad hum sab ek chhota sa hissa hain iss bade problem ka. Kya hum yeh sudhar sakte hain?",,,,,,,,,,,,,,,,
guilt,"Haal hi mein jo bhi faisley maine liye hain, lagta hai unka bojh mere kandhon par hai. Kya maine sahi cheezein ki hain, ya galtiyaan?",,,,,,,,,,,,,,,,
hopelessness,"Har din ek nayi kahani laata hai, aur har ek chhod jaata hai dil mein ek khali jagah. Kya yeh kabhi khatam hoga?????????????",,,,,,,,,,,,,,,,
grief,Har maa apne bachon ke bhavishya ke liye dua karti hai. Lekin aaj-kal lagta hai ki in duaon ka asar kam ho gaya hai. Kyun?,,,,,,,,,,,,,,,,
empathy,Duniya ek saanjha sthal hai humare liye aur humare pashu-mitraon ke liye. Unki dard ko mahsoos karna humari saanjha vastavikta ke liye mahatva purna hai.????,,,,,,,,,,,,,,,,
frustration,"Kuch samachaar karyakram kadam uthane ko keh rahe hain, lekin fir bhi lagta hai ki hum bahut kuch nahi kar sakte. Hum sach mein kya kar sakte hain?",,,,,,,,,,,,,,,,
disgust,"Kuch log apne laabh ke liye kuch bhi karne ko tayyar hain, par unke prabhaav ke pariprekshya mein, insaaniyat kahan hai?",,,,,,,,,,,,,,,,
hope,"Har samasya ke liye samadhan mojood hai; bas hamare paas doosre ko samajhne ki iraada hona chahiye. Shayad, isme hi hamara bhavishya chhupa hua hai.",,,,,,,,,,,,,,,,
resilience,"Chunnautiyon ka saamna zindagi ka ek hissa hai. Yeh us baat ka hissa hai ki kabhi bhi haar nahi maanani chahiye, hosle se ladna chahiye, aur fir se banane ki iraada rakhna chahiye.",,,,,,,,,,,,,,,,
compassion,"Kya ek chhota sa uphaar duniya ko badal sakta hai? Shayad, haan. Isliye humein un logon ki madad karni chahiye jo hamare aas-paas hain.",,,,,,,,,,,,,,,,
hopelessness,"Har cheez badal rahi hai, aur lagta hai ki kuch bhi control mein nahi hai. Fir bhi, kyun lagta hai ki kahin na kahin koi rasta hoga??????????????????",,,,,,,,,,,,,,,,
gratitude,"Har subah ek naya ujala laati hai. Ek naya din, ek naya shuruwat. Yeh soch mujhe kritagyata ka anubhav karati hai.",,,,,,,,,,,,,,,,
guilt,"Har din lagta hai jaise kuch galat ho raha hai, aur shayad hum sab iss bade samasya ka ek chhota sa hissa hain. Kya hum ise sudhar sakte hain?",,,,,,,,,,,,,,,,
hope,"Har mushkil ka hal humare andar hi chhupa hota hai. Andheron mein bhi, humein ummeed hai ki hum saath milkar ek behtar kal bana sakte hain.",,,,,,,,,,,,,,,,
disgust,"Har khabar mein hai aise karyakshetra jo hume dukhi kardete hain. Kaise pahunch gaye hum iss point tak, jahaan insaniyat ne lobh aur shakti ke aage apna rang kho diya hai, ye sochna bhi gandi baat hai.",,,,,,,,,,,,,,,,
frustration,"Rozki jung humein yeh sochne par majboor karta hai ki kya yeh system humare bhala ke liye hai, ya hum bas ek chakkar mein ghoom rahe hain jo sirf kuch chuninda logo ko fayda pahunchata hai.",,,,,,,,,,,,,,,,
empathy,"Hum apne aapas mein vibhajit hone ka ahsaas kyun karte hain? Ek dusre ke dard ko samajhna, ek dusre ke saath bada hokar jeena, yeh hamare liye ek chhota sa kadam hai jo bada parivartan la sakta hai.????????",,,,,,,,,,,,,,,,
resilience,"Musibat ka saamna karne ki kshamata humare andar hai. Jab hum samasyaon ka saamna karte hain, tab hamari atmakatha ko fir se likhne ki ichha bhi humare andar ubhar aati hai.",,,,,,,,,,,,,,,,
compassion,"Daya hume sirf insano tak hi nahi, balki janvaron, paryavaran aur har jivit vastu ke prati bhi badhne wala pyaar hai. Daya bhavna hamare duniya ko ek samvedansheel disha mein le jane ka ek madhyam hai.",,,,,,,,,,,,,,,,
guilt,"guilt ek vyakti ke jeevan par bhaari hota hai. Lekin yeh hume yeh bhi yaad dilata hai ki humein apni galtiyon se seekh lena chahiye, sudhar karna chahiye, aur apne moolyon ke anuroop chunav karna chahiye.",,,,,,,,,,,,,,,,
hopelessness,"hopelessness ka bojh humare man par hai, lekin iske andar hi badlav ki ek avsar chhupa hai. Yeh ek karyakram hai, ek kriyanvay, ek chhota sa prayas bhi, jo andhere mein ek nayi kiran ban sakta hai.???????????",,,,,,,,,,,,,,,,
shame,"shame ek complex bhavana hai, lekin yeh hamare samjhdari ka sanket hai. Yeh hume yeh sikhaati hai ki humein ek aisa sansar banana chahiye, jahan hamare karyo se sabka bhala ho.",,,,,,,,,,,,,,,,
gratitude,"Hamesha kumkum bhara rehna, gratitude hume sambhalta hai. Yeh humein duniya mein jo bhi khoobsurat hai, anjaanon ki meherbani aur chhote chhote khushiyo ki ahmiyat yaad dilata hai.",,,,,,,,,,,,,,,,
fear,"The looming threat of war sends shivers down my spine. The world holds its breath, fearing the unknown.",,,,,,,,,,,,,,,,
fear,Main bahut dukhi hoon! War crisis ka khatra hum sabke dil mein hai.,,,,,,,,,,,,,,,,
anger,Why do leaders resort to violence instead of dialogue? anger boils within me as I witness the consequences of their actions.,,,,,,,,,,,,,,,,
anger,"Baat-cheet ki jagah, leaders jung ka rasta kyun chuntay hain? Gussa is halat mein badh raha hai.",,,,,,,,,,,,,,,,
sadness,"The devastation of war brings tfears to my eyes. Innocent lives lost, families shattered—such profound sadness.",,,,,,,,,,,,,,,,
sadness,"Jung ka tabahi bhari hua hai. Masoomon ki maut, parivaar tootay—aisa dukh hota hai dil ko.",,,,,,,,,,,,,,,,
anxiety,"Anxious about the uncertain future. Will there be peace, or are we on the brink of chaos? Chinta se bhari hui hai kal ki khatraat. Shaanti hogi ya hum toofan ke kareeb hain?",,,,,,,,,,,,,,,,
anxiety,Kal ki anjaam se pareshan hoon. Shaanti milegi ya hum toofan ke kareeb hain?,,,,,,,,,,,,,,,,
shame,"It's shameful that humanity resorts to war, causing untold suffering. Let's reflect on our collective actions.",,,,,,,,,,,,,,,,
shame,"Sharm aani chahiye humein ki hum insaniyat mein jung ka rasta chunte hain, jo ki bahut dukh laata hai.",,,,,,,,,,,,,,,,
guilt,"guilt se bhara dil, as I think about the impact of war on our planet. Are we leaving a legacy of destruction for future generations?",,,,,,,,,,,,,,,,
guilt,"Jung ka asar humare bhavishya par kaisa padega, ye soch kar dil bhari hui hai. Kya hum nasht kar rahe hain aane waali pidhiyon ke liye?",,,,,,,,,,,,,,,,
hopelessness,A sense of hopelessness grips me. Will the world ever break free from the cycle of war and destruction?,,,,,,,,,,,,,,,,
sadness,Jung ke karan vatavaran nasht hone ka dukh bhayanak hai. Bhoomi par chhode gaye nishaan ek gehra nuksaan ka anubhav dil mein utpann karte hain.,,,,,,,,,,,,,,,,
sadness,Arthik nuksan jung mein ek samuhik dukh ka karan hai. Arthvyavastha mein khalbali aur jeevan par hone wale asar ko dekhna dil ko bahut dukhi kar deta hai.,,,,,,,,,,,,,,,,
sadness,Jung ke karan mansik tanav ko dekhna dil ko gehra vyathit karta hai. Vyaktiyon aur samudayon par hone wale bhavnaatmak chot ko dekhna atyant vyathit karta hai.,,,,,,,,,,,,,,,,
sadness,Public safety ke dauran ki gayi laparvahi ka gehra dukh hai. Jeevan ka nuksan aur krama vilin ho jaane se dil bahut bhari ho jaata hai.,,,,,,,,,,,,,,,,
sadness,Bhoomi par chhode gaye nishaan ek gehra nuksaan ka anubhav dil mein utpann karte hain.,,,,,,,,,,,,,,,,
sadness,Jung mein hue arthik nuksan ek samuhik dukh ka karan hai. Arthvyavastha mein khalbali aur jeevan par hone wale asar ko dekhna dil ko bahut dukhi kar deta hai.,,,,,,,,,,,,,,,,
sadness,Mansik tanav public safety ke dauran hone wale nuksan se badh jaata hai. Vyaktiyon aur samudayon par hone wale bhayankar prabhav ko dekhna dukh bhari hai.,,,,,,,,,,,,,,,,
sadness,"Jung ke karan vatavaran nasht ho raha hai, aur iska asar dekhna dil ko gehra vyathit karta hai. Prakriti ki sundarta ko dekhna ek gehra dukh hota hai.",,,,,,,,,,,,,,,,
sadness,Arthik nuksan global star par ek samuhik dukh ka karan hai. Arthvyavastha par iska asar aur rozmarra ke jeevan ki sangharsh hamare dilon par bhari hai.,,,,,,,,,,,,,,,,
sadness,Mansik tanav public safety ke dauran hone wale nuksan se badh jaata hai. Vyaktiyon aur samudayon par hone wale bhayankar prabhav ko dekhna dukh bhari hai.,,,,,,,,,,,,,,,,
sadness,"Jung ke karan vatavaran nasht ho raha hai, aur iska asar dekhna dil ko gehra vyathit karta hai. Prakriti ki sundarta ko dekhna ek gehra dukh hota hai.",,,,,,,,,,,,,,,,
sadness,Arthik nuksan global star par ek samuhik dukh ka karan hai. Arthvyavastha par iska asar aur rozmarra ke jeevan ki sangharsh hamare dilon par bhari hai.,,,,,,,,,,,,,,,,
sadness,Mansik tanav public safety ke dauran hone wale nuksan se badh jaata hai. Vyaktiyon aur samudayon par hone wale bhayankar prabhav ko dekhna dukh bhari hai.,,,,,,,,,,,,,,,,
sadness,"Jung ke karan vatavaran nasht ho raha hai, aur iska asar dekhna dil ko gehra vyathit karta hai. Prakriti ki sundarta ko dekhna ek gehra dukh hota hai.",,,,,,,,,,,,,,,,
sadness,Arthik nuksan global star par ek samuhik dukh ka karan hai. Arthvyavastha par iska asar aur rozmarra ke jeevan ki sangharsh hamare dilon par bhari hai.,,,,,,,,,,,,,,,,
gratitude,"Chaos mein bhi shaanti bhare lamhe ke liye kritagya hoon. Aaiye, is aman ko sanjivani banaaye rakhein.",,,,,,,,,,,,,,,,
gratitude,Grateful for moments of peace amidst the chaos. Let's cherish and protect the tranquility we have.,,,,,,,,,,,,,,,,
gratitude,"Main shanti bhare lamhon ke liye krutagn hoon, jo khatre mein hain. Aaiye, hamare paas jo shaanti hai, use sanrakshan karein.",,,,,,,,,,,,,,,,
gratitude,"Amidst the turmoil, finding gratitude for the small joys is essential. Let's hold onto those moments that bring solace to our hfearts.",,,,,,,,,,,,,,,,
gratitude,"Toofan mein, chhote khushiyon ke liye krutagn rahna mahatva purna hai. Chaliye, un lamhon ko pakadte hain jo hamare dil ko shanti dete hain.",,,,,,,,,,,,,,,,
empathy,"Sensing the pain of others in this crisis, let's unite in empathy. Together, we can make a difference and support one another.",,,,,,,,,,,,,,,,
empathy,"Is sankat mein doosron ke dukh ko mehsoos karte hue, chaliye hamari bhavnaon ko ekjut karein. Milke, hum kuch badlaav laa sakte hain aur ek doosre ka saath de sakte hain.",,,,,,,,,,,,,,,,
resilience,resilience is our hope in adversity. Let's tap into our inner resilience to navigate these challenging times.,,,,,,,,,,,,,,,,
resilience,Punarsthiti hamara manobal hai sankat mein. Chaliye apne antarik punarsthiti mein pravesh karein aur in mushkil samayon ka samna karein.,,,,,,,,,,,,,,,,
compassion,compassion towards ourselves and others is the bridge to healing. Let's build that bridge with understanding and kindness.,,,,,,,,,,,,,,,,
compassion,"Apne aap aur doosron ke prati daya bhavna chikitsa ki taraf ek pul hai. Chaliye, us pul ko samajhdari aur daya ke saath banayein.",,,,,,,,,,,,,,,,
hope,"In the darkest of times, let's hold onto hope. It's the beacon that guides us towards a brighter future.",,,,,,,,,,,,,,,,
hope,"Sabse andhere samay mein, chaliye asha ko pakadte hain. Ye hamen ek ujval bhavishya ki or le jaane wala prakash hai.",,,,,,,,,,,,,,,,
hope,"hope is our hope. Together, we can overcome the challenges and emerge stronger as a global community.",,,,,,,,,,,,,,,,
hope,"Ekatriti hamara shakti hai. Milke, hum samasyaon ka samna kar sakte hain aur ek majboot global samudaay ban sakte hain.",,,,,,,,,,,,,,,,
compassion,This crisis calls for fear on our values and priorities. Let's reassess and strive for a world built on peace and cooperation.,,,,,,,,,,,,,,,,
frustration,Ye sankat hamare moolyon aur prathamikyon par vichar karne ko kahta hai. Chaliye dobara moolyaankan karein aur ek shaanti aur sahayog par adharit duniya ki ore badhein.,,,,,,,,,,,,,,,,
hope,"Unity is the need of the hour. Let's come together as one, transcending borders and differences, for a harmonious world.",,,,,,,,,,,,,,,,
hope,"Ekta iss ghadi ki zaroorat hai. Chaliye ek ho jaayein, seemaayein aur antar ko par karke, ek samriddh aur saanjha duniya ke liye.",,,,,,,,,,,,,,,,
compassion,Finding hope in adversity is a testament to the human spirit. Let's tap into that hope and face the challenges head-on.,,,,,,,,,,,,,,,,
hope,Musibat mein majbooti dhoondhna manav atma ki gawahi hai. Chaliye us majbooti mein pravesh karein aur samasyaon ka saamna karein.,,,,,,,,,,,,,,,,
frustration,The frustration of witnessing the destruction and chaos of war is overwhelming. It's time to put an end to this perpetual turmoil. ??,,,,,,,,,,,,,,,,
frustration,frustration grows as the war seems unending. The impact on societies and individuals' lives is dishfeartening. ??,,,,,,,,,,,,,,,,
disgust,"The disgust towards the cruelty and inhumanity of war is deep-rooted. Lives lost, families shattered—it's sickening. ??",,,,,,,,,,,,,,,,
disgust,The disgust towards the destruction caused by war is hard to put into words. It's time to stop this carnage. ??,,,,,,,,,,,,,,,,
grief,Grieving for the loss of loved ones due to war is hfeartbreaking. The pain of war's toll on families is immeasurable. ??,,,,,,,,,,,,,,,,
grief,The grief of witnessing the irreversible environmental damage due to war is haunting. The scars on the fearth evoke profound loss. ??,,,,,,,,,,,,,,,,
empathy,empathy towards those affected by war is crucial. Let's extend our support to those in need and stand together. ??,,,,,,,,,,,,,,,,
empathy,It's our duty to show empathy towards the victims of war. compassion and understanding can help heal the wounds. ??,,,,,,,,,,,,,,,,
resilience,"In the face of war, resilience becomes our hope. We won't back down, and we'll face every challenge head-on. ??",,,,,,,,,,,,,,,,
resilience,"War may take lives, but protecting our nation is our duty. We will stand strong and resilient. ????",,,,,,,,,,,,,,,,
compassion,Offering compassion to those affected by war is our humanity. Let's join hands to ease their suffering. ??,,,,,,,,,,,,,,,,
compassion,"In the midst of war, showing compassion to the affected is our duty. Together, we can make a difference. ??",,,,,,,,,,,,,,,,
gratitude,gratitude for those working tirelessly for peace. They are the beacons of hope in the darkest of times. ??,,,,,,,,,,,,,,,,
gratitude,"Despite the chaos of war, expressing gratitude for those striving for peace is essential. Their efforts bring hope. ??",,,,,,,,,,,,,,,,
grief,"hota hoga, yeh sochkar dil behad dukhi hai. ?? Wargrief LossIsDeep",,,,,,,,,,,,,,,,
empathy,Yudh ke peedit logon ke prati sahanubhuti rakhta hoon. Insaaniyat ko bachane ke liye humein ek dusre ka saath dena hoga. ?? empathyInAction StandWithTheAffected,,,,,,,,,,,,,,,,
empathy,Is yudh mein peedit logon ki madad karna hamara insaani farz hai. Ek dusre ke saath empathy aur support dikhana hoga. ?? empathy compassionForAll HelpingHands,,,,,,,,,,,,,,,,
resilience,Mushkil samay mein bhi haar nahi manunga. Desh ko fir se khada karne ka waqt hai. ?? resilience StayStrong,,,,,,,,,,,,,,,,
resilience,"Yudh ke karan logon ki jaan jaati hai, par desh ki raksha karna hamara farz hai. Hum ek dusre ke liye strong rahenge. ???? resilience TogetherWeStand",,,,,,,,,,,,,,,,
compassion,Yudh ke beech me rah kar peedit logon ki madad karna hamara insaani farz hai. ?? compassionForAll HelpingHands,,,,,,,,,,,,,,,,
compassion,Is yudh mein peedit logon ki madad karna hamara insaaniyat ka farz hai. Ek dusre ki madad karte rahen. ?? compassion StandWithTheAffected,,,,,,,,,,,,,,,,
gratitude,Yudh ke karan apne desh ke liye kuch na kar paane ka gunaah mujhe hamesha khaayega. Lekin humein aage badhna hoga. ?? gratitude OptimismForTomorrow,,,,,,,,,,,,,,,,
gratitude,Yudh ke karan apne desh ke liye kuch na kar paane ka gunaah mujhe hamesha khaayega. Lekin humein aage badhna hoga. ?? gratitude hopeForTheFuture,,,,,,,,,,,,,,,,
fear,FIs yudh mein itne saare masoomon ki jaan kyun ja rahi hai? Darr ka mahaul hai. StopTheWar PrayForPeace ??,,,,,,,,,,,,,,,,
fear,Is yudh mein itne saare masoomon ki jaan kyun ja rahi hai? Darr ka mahaul hai. StopTheWar PrayForPeace ??,,,,,,,,,,,,,,,,
anger,"Is yudh ki hinsa aur atyachar se mujhe gussa aata hai. Ladenge, haar nahin maanenge! NeverBackDown AgainstInjustice ??",,,,,,,,,,,,,,,,
anger,Yuddha ke karan hue atyacharon se mera khoon garam ho raha hai. Hum ek dusre ke liye khade hokar isse rokna hoga. ?? anger AgainstInjustice,,,,,,,,,,,,,,,,
hope,"Positivity can be a powerful force. Let's spread hope, love, and optimism, even in the face of adversity.",,,,,,,,,,,,,,,,
hope,"Positivity ek shaktishaali takat ho sakti hai. Chaliye asha, prem, aur optimism phailayein, sankat ke bawajood bhi.",,,,,,,,,,,,,,,,
hope,Let hope be our guiding light in these turbulent times. It's a small flame that can ignite a path to a better tomorrow.,,,,,,,,,,,,,,,,
hope,Chaliye asha ko hamara margdarshan banaaye rakhein in anukool samayon mein. Ye ek chhota diya hai jo ek behtar kal ki aur prakashit kar sakta hai.,,,,,,,,,,,,,,,,
hope,"Har chunauti mein vikas ka ek avasar chhupa hota hai. Chaliye sankat ko ek sakaratmak mansikta ke saath dekhein, taiyar hokar majbooti se ubharne ke liye.",,,,,,,,,,,,,,,,
fear,"Prem aur daya bhavna, chotey chotey zakham bharne aur antar ko mitane ka shakti dete hain. Chaliye duniya ko prem se bhar dein, kyun ki yeh sabse adhbut ekjut kshamata hai.",,,,,,,,,,,,,,,,
fear,"Ye sankat hamein yeh sochne ke liye bulata hai ki asal mein kya mahatva hai. Parivaar, dosti, aur saanjhi manavta hamare prathamikyon mein hona chahiye.",,,,,,,,,,,,,,,,
fear,"Ekatriti seemaon se pare hai. Chaliye ek saath khade hokar ek doosre ka saath dein, aur milke ek duniya banayein jisme daya aur samajhdari ho.",,,,,,,,,,,,,,,,
resilience,The ability to bounce back from adversity is a testament to human resilience. Let's foster that resilience and navigate through these challenging times.,,,,,,,,,,,,,,,,
resilience,Musibat se wapas uthne ki kshamata manav punarsthiti ki gawahi hai. Chaliye us punarsthiti ko badhaave dein aur in mushkil samayon mein samna karein.,,,,,,,,,,,,,,,,
gratitude,Gratefulness for the small joys can be a source of hope. Let's express gratitude for the moments that bring warmth to our hfearts.,,,,,,,,,,,,,,,,
gratitude,Chhote khushiyon ke liye krutagn hone mein shakti chhupi hoti hai. Chaliye un lamhon ke liye krutagnata vyakt karein jo hamare dil ko garami deti hain.,,,,,,,,,,,,,,,,
gratitude,"Ekta mein, hamen shakti milti hai. Chaliye is sankat ko milke paar karein, kyun ki ek saanjha mukabla ek behtar bhavishya ki chabi hai.",,,,,,,,,,,,,,,,
hope,"Even in the darkest night, a single star can light up the sky. Let hope be our guiding star, leading us towards a dawn of peace.",,,,,,,,,,,,,,,,
hope,"Sabse andhere raat mein bhi, ek akela tara aasman ko roshan kar sakta hai. Chaliye asha ko hamara margdarshan tara banaye rakhein, jo hamen shaanti ki ek naye subah ki ore le jaaye.",,,,,,,,,,,,,,,,
fear,"This crisis is an opportunity for collective fear and transformation. Let's emerge from it wiser, more compassionate, and united.",,,,,,,,,,,,,,,,
fear,"Ye sankat ek samuhik vichar aur parivartan ka avasar hai. Chaliye isse samajhdar, adhik dayalu, aur ekjut niklein.",,,,,,,,,,,,,,,,
anger,Public safety compromised in the chaos of war. It infuriates me to see innocent lives at risk due to conflicts.,,,,,,,,,,,,,,,,
anger,Jung ke bawaal mein public safety kamzor. Mujhe gussa aata hai jab masoomon ki jaan jung ke karan khatre mein hoti hai.,,,,,,,,,,,,,,,,
anger,"Environmental degradation is a consequence of war, and it makes my blood boil. The planet pays the price for human conflicts.",,,,,,,,,,,,,,,,
anger,"Jung ka parinaam hai, vatavaran ka vinash, aur mujhe gussa aata hai. Prithvi humare manav vivadon ka daam chukati hai.",,,,,,,,,,,,,,,,
anger,"Financial loss on a global scale due to wars is unacceptable. The anger grows as economies suffer, impacting lives everywhere.",,,,,,,,,,,,,,,,
anger,"Jungon ke karan vishwa star par arthik nuksan sahna aksham hai. Gussa badhta hai jab arthvyavastha kamzor hoti hai, jisse har jagah jeevan par prabhav hota hai.",,,,,,,,,,,,,,,,
anger,Mental stress becomes a silent enemy during war crises. It angers me to see the toll it takes on the well-being of individuals and communities.,,,,,,,,,,,,,,,,
anger,Mannasik tanav jung sankat ke dauran ek chup sahmi dushman ban jata hai. Mujhe gussa aata hai jab dekhta hoon ki yeh vyaktiyon aur samudayon ki khairiyat par kya asar dalta hai.,,,,,,,,,,,,,,,,
anger,The disregard for human life in war situations is enraging. Leaders must prioritize peace over power to prevent such tragedies.,,,,,,,,,,,,,,,,
anger,Jung ki sthiti mein manav jeevan ki adarshahinata mujhe gussa dilati hai. Netaon ko is tarah ke bhayankar ghatnaon se bachane ke liye shakti se adhik shaanti par dhyan dena chahiye.,,,,,,,,,,,,,,,,
anger,Environmental devastation due to war is a crime against nature. It angers me to witness the destruction of our precious ecosystems.,,,,,,,,,,,,,,,,
anger,Jung ke karan vatavaran nasht hona prakriti ke khilaf apradh hai. Mujhe gussa aata hai jab main hamare keemti paristhitiyon ki tabahi dekhta hoon.,,,,,,,,,,,,,,,,
anger,Jung prayaason ke liye arthik sansadhan ko hata dena samaj ko unchaiyon par pahunchane ke liye istemal kiya ja sakta tha. Yeh galat disha mein dhyan dena mujhe gussa dilaata hai.,,,,,,,,,,,,,,,,
anger,"Mental health should be a priority, but war crises exacerbate mental stress. It angers me to see the neglect of mental well-being.",,,,,,,,,,,,,,,,
anger,"Mannasik swasthya ko prathamikata di jani chahiye, lekin jung sankat is mansik tanav ko aur bhi badha deti hai. Mujhe gussa aata hai jab main dekhta hoon ki mansik swasthya ki laparvahi hoti hai.",,,,,,,,,,,,,,,,
anger,Jung ke baad punar-nirman ki arthik bojh bhari hai. Mujhe gussa aata hai jab sochta hoon ki jungon ka samaj par arthik tanav kyun daalna padta hai.,,,,,,,,,,,,,,,,
anger,"Shakti ki talash mein neta jo arthik nuksan aur vatavaran ka vinash kaaran ban rahe hain, unhein janta ka krodh sahna chahiye.",,,,,,,,,,,,,,,,
anger,Mental stress in war-ridden areas should prompt a collective anger. It's a reminder that mental health deserves attention and care.,,,,,,,,,,,,,,,,
anger,"Jung bhara kshetra manasik tanav ko badhane par kyun uttejit karta hai, yeh ek samuhik gussa ko uttejit karna chahiye. Yeh ek yaad hai ki mansik swasthya ko dhyan aur dekhbhal ki avashyakta hai.",,,,,,,,,,,,,,,,
anger,Jung ke karan vishwa samudaay ka arthik nuksan hum sab par asar dalta hai. Yeh dekhkar gussa aata hai ki vivadon ke parinaam itne vyapak hain.,,,,,,,,,,,,,,,,
anger,"Leaders who neglect public safety during war should face public anger. Lives are at stake, and there's no excuse for negligence.",,,,,,,,,,,,,,,,
anger,"Neta jo jung ke dauran public safety ki laparvahi karte hain, unhein janta ka krodh sahna chahiye. Jeevan khatre mein hai, aur laparvahi ke liye koi kshama nahi hai.",,,,,,,,,,,,,,,,
anger,The toll of war on mental health is infuriating. Let's channel our anger into advocating for better mental health support in crisis zones.,,,,,,,,,,,,,,,,
fear,"Darr dil ko jakad leta hai jab duniya jung ke khatre ke kareeb pahunchti hai. Aage kya hai, is anishchay se dil ko bahut vyathit hota hai.",,,,,,,,,,,,,,,,
fear,Aane waale jung sankat se hume dhadkane tez kar deti hai. Anjaane ka khauf humare samuhik chetna par ek saaya daal deta hai.,,,,,,,,,,,,,,,,
fear,"Jung ke dhol baje jaate hain, aur public safety ke liye badhta hua khatra hamare dil ko chhoo leta hai. Masoom jeevan taare par khada hai, aur chinta ko choo jaati hai.",,,,,,,,,,,,,,,,
fear,Bhay aur nirasha ka vatavaran nasht hone ka khatra badh jaata hai. Prakriti ke nishaan gehre dukh se bhar jaate hain.,,,,,,,,,,,,,,,,
fear,"Jung ke arthik tanav ka asar darta hai, jab arthvyavastha kaanp rahi hoti hai. Arthik sthirta ke baare mein anishchay aur bhi chintajanak hai.",,,,,,,,,,,,,,,,
fear,Jung ke saamne mansik tanav ek bhayanak haqiqat ban jaata hai. Vyaktiyon aur samudayon par hone wale mansik tanav ka khauf dil ko vyathit karta hai.,,,,,,,,,,,,,,,,
fear,"Public safety ke liye badhta hua khatra hamare dil ko chhoo leta hai jab jung ke dhol baje jaate hain. Masoom jeevan taare par khada hai, aur chinta ko choo jaati hai.",,,,,,,,,,,,,,,,
fear,"Vatavaran nasht hone ka khatra badhta hai, aur bhay hamare bhoomi ke bhavishya ke liye aur bhi tez ho jaata hai. Jung ke nishaan prakriti par gehra dukh daalte hain.",,,,,,,,,,,,,,,,
fear,"Jung ke arthik tanav ka asar darta hai, jab arthvyavastha kaanp rahi hoti hai. Arthik sthirta ke baare mein anishchay aur bhi chintajanak hai.",,,,,,,,,,,,,,,,
fear,Jungon ke karan mansik tanav ek bhayanak haqiqat ban jaata hai. Vyaktiyon aur samudayon par hone wale mansik tanav ka khauf dil ko vyathit karta hai.,,,,,,,,,,,,,,,,
sadness,"Jung ke asar ka dukh humare dil mein bana rehta hai. Jeevan ki haani aur jagahon ki tabahi ka shok manaate hain, jo ek samay khushiyon se bhari thi.",,,,,,,,,,,,,,,,
shame,Jung ke dauran public safety ki laparvahi ko dekhna ek gehra sharmindagi ka anubhav hai. Samaj laaparvahi ka bojh uthata hai jab jeevan ko anavashyak khatre mein daala jaata hai.,,,,,,,,,,,,,,,,
shame,"Jung ke karan vatavaran nasht ho raha hai, aur iska asar dekhna ek sharmindagi ka anubhav laata hai. Manav kriyaon se prakriti ke vinash ko dekhna hamare mann ko samuhik apmaan ka bhav bhar deta hai.",,,,,,,,,,,,,,,,
anxiety,"Jung ke kareeb aane waala sankat ke aas-pass ka chinta bhav saaf hai. Ye anishchay hamein kante ki tarah chubhata hai, bhavishya ke baare mein chintit aur vyakul bana rakhta hai.",,,,,,,,,,,,,,,,
anxiety,"Tanav badhne ke saath, chinta hamare dimaag ko jakad leti hai. Anjaane parinaam ka khauf aur vishwa sthirta par hone wale asar se lagatar asuvidha ka avastha bana rahta hai.",,,,,,,,,,,,,,,,
anxiety,Badhta hua vatavaran nasht hone ka aur bhi bhay badha deta hai bhoomi ke bhavishya ke baare mein. Prakriti ko hone wale nuksan ko dekhna hamare mann ko gehri chinta se bhar deta hai.,,,,,,,,,,,,,,,,
anxiety,Jung ke dauran hue arthik nuksan arthik chinta ko aur bhi tej karta hai. Arthik punar-nirman aur sthirta ke baare mein chinta ek lagatar chinta ka kaaran hai.,,,,,,,,,,,,,,,,
anxiety,Jung sankat se utpann mansik tanav vyaktiyon aur samuday ke svasthya ke baare mein chinta ko aur bhi badha deta hai. Mansik swasthya par hone wala asar gehra chintajanak hai.,,,,,,,,,,,,,,,,
sadness,Jung mein hue arthik nuksan ek samuhik dukh ka karan hai. Arthvyavastha mein khalbali aur jeevan par hone wale asar ko dekhna dil ko bahut dukhi kar deta hai.,,,,,,,,,,,,,,,,
shame,Jung ke dauran public safety ki laparvahi ko dekhna ek gehra sharmindagi ka anubhav hai. Samaj laaparvahi ka bojh uthata hai jab jeevan ko anavashyak khatre mein daala jaata hai.,,,,,,,,,,,,,,,,
shame,"Jung ke karan vatavaran nasht ho raha hai, aur iska asar dekhna ek sharmindagi ka anubhav laata hai. Manav kriyaon se prakriti ke vinash ko dekhna hamare mann ko samuhik apmaan ka bhav bhar deta hai.",,,,,,,,,,,,,,,,
shame,Vishwa star par hue arthik nuksan ek sharmindagi ka karan ban jaata hai. Arthvyavastha par iska asar aur jeevan ke liye ki gayi sangharsh deshon ke samuhik gaurav ko kalankit karte hain.,,,,,,,,,,,,,,,,
shame,Jung ke dauran mansik swasthya ki laparvahi ka sharmindagi ka anubhav hota hai. Vyaktiyon aur samudayon par hone wale bhavnaatmak chot ko svikar karna is samuhik sharm ko par karne mein mahatvapurna hai.,,,,,,,,,,,,,,,,
shame,Jung ke naam par vatavaran nasht hone ki anumati dena insaniyat par ek kalank hai. Prakriti ko kiye gaye nuksan ke liye jimmedari lena mukti ke liye avashyak hai.,,,,,,,,,,,,,,,,
anxiety,"Jung ke kareeb aane waala sankat ke aas-pass ka chinta bhav saaf hai. Ye anishchay hamein kante ki tarah chubhata hai, bhavishya ke baare mein chintit aur vyakul bana rakhta hai.",,,,,,,,,,,,,,,,
anxiety,"Tanav badhne ke saath, chinta hamare dimaag ko jakad leti hai. Anjaane parinaam ka khauf aur vishwa sthirta par hone wale asar se lagatar asuvidha ka avastha bana rahta hai.",,,,,,,,,,,,,,,,
anxiety,Badhta hua vatavaran nasht hone ka aur bhi bhay badha deta hai bhoomi ke bhavishya ke baare mein. Prakriti ko hone wale nuksan ko dekhna hamare mann ko gehri chinta se bhar deta hai.,,,,,,,,,,,,,,,,
anxiety,Jung ke dauran hue arthik nuksan arthik chinta ko aur bhi tej karta hai. Arthik punar-nirman aur sthirta ke baare mein chinta ek lagatar chinta ka kaaran hai.,,,,,,,,,,,,,,,,
anxiety,Jung sankat se utpann mansik tanav vyaktiyon aur samuday ke svasthya ke baare mein chinta ko aur bhi badha deta hai. Mansik swasthya par hone wala asar gehra chintajanak hai.,,,,,,,,,,,,,,,,
guilt,The guilt of knowing that lives are being lost and suffering is increasing due to war is overwhelming. Each casualty weighs heavily on our collective conscience.,,,,,,,,,,,,,,,,
guilt,"Jung ke karan jeevanon ka nuksan ho raha hai aur sahara badh raha hai, iska gyaan hone ka anubhav bahut vyathit karta hai. Pratyek hatyakand hamare samuhik antaratma par bhari padta hai.",,,,,,,,,,,,,,,,
guilt,"Witnessing the environmental destruction caused by war fills us with guilt. Our actions have scarred the planet, and taking responsibility is crucial for redemption.",,,,,,,,,,,,,,,,
guilt,"Jung ke karan hone wale vatavaran nasht ko dekhna hamare mann ko kalankit karta hai. Hamari kriyaon ne bhoomi par nishaan chhoda hai, aur mukti ke liye jimmedari lena mahatvapurna hai.",,,,,,,,,,,,,,,,
guilt,The guilt of global financial losses due to war weighs on our collective conscience. The impact on economies and the struggle for stability evoke a sense of responsibility.,,,,,,,,,,,,,,,,
guilt,Jung ke karan vishwa star par hue arthik nuksan ka anubhav hamare samuhik antaratma par bhari padta hai. Arthvyavastha par iska asar aur sthirta ke liye ki gayi sangharsh ek jimmedari bhavna uttejit karte hain.,,,,,,,,,,,,,,,,
guilt,The neglect of mental health during war leads to guilt. Recognizing the emotional toll and taking steps to address it is essential for overcoming this collective guilt.,,,,,,,,,,,,,,,,
guilt,Jung ke dauran mansik swasthya ki laparvahi se guilt hoti hai. Bhavnaatmak chot ko pehchan aur iska samadhan karne ke liye kadam uthana is samuhik guilt ko par karne ke liye mahatvapurna hai.,,,,,,,,,,,,,,,,
guilt,The guilt of allowing environmental devastation in the pursuit of war is a stain on humanity. Acknowledging the damage and working towards restoration is essential for redemption.,,,,,,,,,,,,,,,,
guilt,Jung ke liye vatavaran nasht hone ki anumati dene ka guilt insaniyat par ek kalank hai. Nuksan ko svikar karna aur punarsthapana ki or kaam karna mukti ke liye avashyak hai.,,,,,,,,,,,,,,,,
disgust,"The disgust at witnessing the disregard for public safety during war is profound. Lives are treated as expendable, and the breakdown of order is repulsive.",,,,,,,,,,,,,,,,
disgust,"Jung ke dauran public safety ki laparvahi ko dekhna ek gehra nafrat ka anubhav hai. Jeevan ko vyarth mana jaata hai, aur krama vilin ho jaane ka drishya ghinona hai.",,,,,,,,,,,,,,,,
disgust,"The environmental consequences of war evoke disgust. Seeing the destruction of nature due to human actions is repulsive, and it highlights the need for change.",,,,,,,,,,,,,,,,
disgust,"Jung ke karan hone wale vatavaran nasht se nafrat hoti hai. Manav kriyaon se prakriti ke vinash ko dekhna ghinona hai, aur yah parivartan ki avashyakta ko saamne laata hai.",,,,,,,,,,,,,,,,
disgust,"disgust at the global financial losses due to war is palpable. The greed and disregard for stability are repulsive, and the need for responsible financial practices is evident????????????.",,,,,,,,,,,,,,,,
disgust,"Jung ke karan hue vishwa star par arthik nuksan se nafrat saaf hai. Lobh aur sthirta ki laparvahi ghinoni hai, aur jimmedari bhari vyavsayik vyavhaar ki avashyakta spasht hai.",,,,,,,,,,,,,,,,
disgust,The disregard for mental health during war elicits disgust. Ignoring the emotional toll on individuals and communities is repugnant and highlights the need for mental health support????????????.,,,,,,,,,,,,,,,,
disgust,"Jung ke dauran mansik swasthya ki laparvahi se nafrat hoti hai????????????. Vyaktiyon aur samudayon par hone wale bhavnaatmak chot ko ignore karna ghinona hai, aur mansik swasthya ki suvidha ki avashyakta ko dikhaata hai.",,,,,,,,,,,,,,,,
disgust,"The disgust at allowing environmental devastation in the name of war is profound.?????????? Prioritizing nature over conflict is crucial, and the need for sustainable practices is evident.",,,,,,,,,,,,,,,,
disgust,Jung ke naam par vatavaran nasht hone ki anumati dene ka nafrat bahut vyakt hoti hai.?????????? Sangharsh ke badle prakriti ko mukhya banane ki,,,,,,,,,,,,,,,,
guilt,The guilt of witnessing the displacement and suffering of innocent civilians due to war is haunting. Their plight reflects the failure of humanity to protect the vulnerable.,,,,,,,,,,,,,,,,
guilt,Jung ke karan masoom nagrikon ke visarjan aur unki sufferings ko dekhna bhayanak hai. Unki sthiti insaniyat ka asafalta ko darshata hai jo ashray ki avashyakta hai.,,,,,,,,,,,,,,,,
guilt,"As the environmental devastation unfolds, guilt deepens. Our role in damaging ecosystems and jeopardizing biodiversity is a collective shame that must be addressed.",,,,,,,,,,,,,,,,
guilt,"Vatavaran nasht hone ka drishya badhta hai, aur iske saath guilt bhi badh jaata hai. Hamare yogdan mein jeevmandali ko nuksan pahunchana ek samuhik kalank hai jo samna karna avashyak hai.",,,,,,,,,,,,,,,,
guilt,The guilt of contributing to global financial turmoil due to war is dishfeartening. Acknowledging the role we play in economic instability is the first step towards responsible practices.,,,,,,,,,,,,,,,,
guilt,"Vishwa star par hue arthik khalbali mein yogdan dene ka guilt dil ko tod deta hai. Humara yogdan arthik asthirta mein ek bada kadam hai, aur jimmedari bhari vyavsayik vyavhaar ka shuruati kadam hai.",,,,,,,,,,,,,,,,
guilt,Neglecting mental health during war leaves a guilt-ridden mark on society. Recognizing the importance of psychological well-being is crucial for breaking free from this collective guilt.,,,,,,,,,,,,,,,,
guilt,Jung ke dauran mansik swasthya ki laparvahi samaj par ek guilt bhara nishaan chhod jaati hai. Mansik swasthya ki mahatva ko pehchan karna is samuhik guilt se mukti ke liye avashyak hai.,,,,,,,,,,,,,,,,
guilt,The guilt of allowing the irreversible environmental damage to worsen is overwhelming. Taking immediate action to preserve nature is the only way to alleviate this collective guilt.,,,,,,,,,,,,,,,,
guilt,Bevajah vatavaran ko nuksan pahunchane ka guilt vyakul karta hai. Prakriti ko surakshit rakhne ke liye turant kadam uthana ek matra upay hai is samuhik guilt ko kam karne ka.,,,,,,,,,,,,,,,,
disgust,disgust fills our hfearts as we witness the abuse of power during war. The disregard for human rights and ethical conduct is abhorrent and demands immediate attention??????.,,,,,,,,,,,,,,,,
disgust,Jung ke dauran shakti ka durupayog dekhna hamare dilon ko ghertaa hai. Manav adhikaron aur naitik vyavhaar ki laparvahi ghinoni hai aur turant dhyan ki maang karti hai????????.,,,,,,,,,,,,,,,,
disgust,"Witnessing the environmental degradation caused by war elicits a deep sense of disgust. The pollution of air, water, and soil is a shameful legacy that must be rectified.",,,,,,,,,,,,,,,,
disgust,"Jung ke karan hone wale vatavaran nasht ko dekhna ek gehra nafrat bhara anubhav utpann karta hai. Hawa, paani, aur mitti ki pradushan ek kalank hai jo sudharit hona chahiye.",,,,,,,,,,,,,,,,
disgust,disgust intensifies as we observe the exploitation of vulnerable populations during war. The manipulation and abuse of those in need is morally reprehensible????????????.,,,,,,,,,,,,,,,,
disgust,Jung ke dauran kamzor jano ki shoshan dekhna se nafrat aur bhi badh jaata hai. Unki durusti ka durupayog karna naitik drishtikon se apraadh hai.,,,,,,,,,,,,,,,,
disgust,Neglecting mental health during war elicits disgust. Ignoring the emotional well-being of individuals and communities is morally repugnant????????.,,,,,,,,,,,,,,,,
disgust,Jung ke dauran mansik swasthya ki laparvahi se nafrat hoti hai. Vyaktiyon aur samudayon ke bhavnaatmak swasthya ki ahmiyat ko ignore karna naitik drishtikon se ghinona hai.,,,,,,,,,,,,,,,,
disgust,"The disgust at allowing environmental devastation in the name of war is profound. Prioritizing nature over conflict is crucial, and the need for sustainable practices is evident????????????.",,,,,,,,,,,,,,,,
disgust,"Jung ke naam par vatavaran nasht hone ki anumati dene ka nafrat bahut vyakt hoti hai. Sangharsh ke badle prakriti ko mukhya banane ki zaroorat hai, aur avashyak hai ki hum sudharatmak vyavhaar apnaayein????????????.",,,,,,,,,,,,,,,,
hopelessness,"The sheer hopelessness of the war crisis weighs heavily on our hfearts. Finding a path to peace seems distant, and the darkness of uncertainty prevails.???????????????????",,,,,,,,,,,,,,,,
hopelessness,"Jung sankat ka pura nirasha dil par bojh hai. Shanti ka marg dhoondhna door lagta hai, aur anishchay ka andhera adhikar karta hai.???????????????????",,,,,,,,,,,,,,,,
hopelessness,Witnessing the continuous environmental degradation fills us with a sense of hopelessness. The daunting task of restoring nature feels insurmountable in the face of ongoing destruction.??????????,,,,,,,,,,,,,,,,
hopelessness,Lagatar vatavaran nasht hone ko dekhna hamare mann ko nirasha ka anubhav deta hai. Prakriti ko punahsthapit karne ka bhayankar karya chalti barbaadi ke saamne lag raha hai.??????,,,,,,,,,,,,,,,,
hopelessness,The global financial losses due to war contribute to a pervasive sense of hopelessness. Rebuilding economies and restoring stability appfear as insurmountable challenges.????????,,,,,,,,,,,,,,,,
hopelessness,Jung ke karan hue vishwa star par arthik nuksan se lagataar nirasha ka anubhav hota hai. Arthvyavastha ko punahsthaapit karna aur sthirta ko fir se sthapit karna asambhav lagta hai.???????????????????,,,,,,,,,,,,,,,,
hopelessness,The neglect of mental health during war deepens the feeling of hopelessness. Overcoming the mental toll on individuals and communities seems like an uphill battle.,,,,,,,,,,,,,,,,
hopelessness,Jung ke dauran mansik swasthya ki laparvahi se nirasha ka anubhav aur bhi gehra ho jaata hai. Vyaktiyon aur samudayon par hone wale mansik tanav ko par karne ka lagtaar mushkil raasta lag raha hai.,,,,,,,,,,,,,,,,
hopelessness,Allowing environmental devastation in the name of war leads to a profound sense of hopelessness. The loss of biodiversity and natural beauty feels irreversible.????,,,,,,,,,,,,,,,,
hopelessness,Jung ke naam par vatavaran nasht hone ki anumati dene se lagtaar nirasha ka anubhav hota hai. Jeevmandali aur prakriti ki sundarta ka nuksan lagta hai sudhar ke liye lag raha hai????.????????,,,,,,,,,,,,,,,,
fear,Duniya ke yudh ka khayal hi dil ko kaamp jaata hai. Public safety ke liye yeh ek bada khatra hai. ??,,,,,,,,,,,,,,,,
fear,Yudh se hamare dil mein ek dar bana rehta hai. Public safety aur masoomon ki jaan ko khatra hai. ??,,,,,,,,,,,,,,,,
anger,"Yudh se aane wale nuksanon ka gussa hai. Public safety ko ignore karna, yeh bilkul bhi sahi nahi hai. ??",,,,,,,,,,,,,,,,
anger,Duniya ke yudh se aane wale atyachaar par gussa aa raha hai. Hinsa se door rehna chahiye. ??,,,,,,,,,,,,,,,,
sadness,Yudh se hamare samaj ko bahut dukh hota hai. Public safety ka dhyan rakhna hamara zimmedaari hai. ??,,,,,,,,,,,,,,,,
sadness,Public safety ko ignore karke yudh ka asar sadma jaisa hota hai. Is soch mein hi dil bahut dukhi hai. ??,,,,,,,,,,,,,,,,
anxiety,Yudh ke chalte hamare dimaag mein hamesha ek chinta bani rehti hai. Public safety ka dhyan rakhna zaroori hai. ??,,,,,,,,,,,,,,,,
frustration,"Har din yudh ka ant dur hota ja raha hai, lekin frustration badhta ja raha hai. Kab tak yeh chalega? ?? EndlessConflict",,,,,,,,,,,,,,,,
disgust,Yudh ke kroor drishya se ghin aati hai. Humare desh mein itna kyun ho raha hai? ?? StopTheCarnage Wardisgust,,,,,,,,,,,,,,,,
disgust,Insaaniyat ke naam par kiye ja rahe yudh ke karan humein disgust hai. Aman ka daaman phailana zaroori hai. ??,,,,,,,,,,,,,,,,
grief,Yudh se ghar se beghar hokar logon ka dukh dekhkar dil bahut dukhta hai. WarTfearsApart HumanityCries ??,,,,,,,,,,,,,,,,
grief,"Humare desh ke yudh se itne logon ki jaan gayi, unke parivaaron ka gham kya hota",,,,,,,,,,,,,,,,
fear,Yudh ne humein dar ka mahaul diya hai. Har pal lagta hai ki kuch bhi ho sakta hai. ?? WarImpact fearfulTimes,,,,,,,,,,,,,,,,
fear,"Yudh ke chakkar mein, logon ka darr badh raha hai. Ghar se door hona aur bachon ke liye bhayankar hain. ?? fearOfWar WarTerror",,,,,,,,,,,,,,,,
anger,"Yudh ke asar mein, logon ka gussa aur bhi tez ho raha hai. Aman ka haq chheen liya gaya hai. ?? angerAgainstWar",,,,,,,,,,,,,,,,
anger,"Yudh ne insaniyat ko bhulaya hai. Ghar aur sapnon ko barbaad karke, humein gussa aata hai. ?? AgainstInjustice NoToWar",,,,,,,,,,,,,,,,
sadness,"Yudh ke karan, logon ki zindagi mein dukh aur ashanti ghul gayi hai. Har kona hai sunsaan. ?? WarTfearsApart hopeForPeace",,,,,,,,,,,,,,,,
sadness,"Har roz sunte hain yudh ke nuksan ke baare mein, aur dil bahut dukhi hota hai. Insaniyat ka khoya gaya hai. ?? LossOfHumanity",,,,,,,,,,,,,,,,
anxiety,Yudh ka chakkar humein bar-bar chintit kar deta hai. Aman ka koi sanket nahi dikh raha. ?? anxietyInWar,,,,,,,,,,,,,,,,
anxiety,"Yudh se judi anishchitata humein pareshan karti hai. Kya kal hoga, yeh sochkar dil hai behad ghabraaya hua. ?? UncertainTimes",,,,,,,,,,,,,,,,
shame,Yudh mein hui hinsa aur atyacharon ke liye humein sharm aati hai. Kaise insaan aise kar sakte hain? ?? shamefulActs,,,,,,,,,,,,,,,,
shame,Yudh ne humein ek doosre ke khilaaf bharkaya hai. Iske liye humein sharminda hona chahiye. ?? shameOnWar,,,,,,,,,,,,,,,,
guilt,"Yudh ke karan, hum apne desh ke liye kuch nahi kar paaye, aur iske liye humein hamesha gunehgar feel hota hai. ?? guiltInWar",,,,,,,,,,,,,,,,
hopelessness,"Yudh ka ant nahi dikhai deta, aur humein lagta hai ki shanti ka sapna adhoora rahega. ?? hopelessWarfare",,,,,,,,,,,,,,,,
frustration,"Yudh ke asar mein, logon ka frustration aur bhi badh gaya hai. Kuch bhi sudharne ka koi raasta nahi dikh raha. ?? FrustratedInConflict",,,,,,,,,,,,,,,,
frustration,Yudh ne humein ek doosre ke khilaaf bharkaya hai. Iske karan humare beech mein frustration bani rehti hai. ?? frustrationInTheWar,,,,,,,,,,,,,,,,
disgust,Yudh ke kroor drishya se humein ghin aati hai. Humare desh ko isse mukt karna hoga. ?? disgustedByWar,,,,,,,,,,,,,,,,
disgust,Yudh ke atyacharon se bhara hua hai humara dil. Insaaniyat ka dushman banna humein ghin aata hai. ?? disgustedByInhumanity,,,,,,,,,,,,,,,,
grief,"Yudh ke karan hum apnon ko kho rahe hain, aur is dukh bhari haqeeqat se humara dil bahut dukhta hai. ?? griefInWar",,,,,,,,,,,,,,,,
grief,Har yudh se humare desh ki zameen bhig gayi hai ansoo se. Logon ki mauton ka gham humein sehna pad raha hai. ?? griefStricken,,,,,,,,,,,,,,,,
empathy,Yudh ke shikar hue logon ke prati humein sahanubhuti hai. Inke dard ko samajhna humara insaani farz hai. ?? empathyForWarVictims,,,,,,,,,,,,,,,,
empathy,Yudh ke karan peedit logon ke liye humein apni madad deni chahiye. Unke saath humein ek dusre ka saath dena hoga. ?? empathyInAction,,,,,,,,,,,,,,,,
resilience,Yudh ke baad bhi humein saath milke khada rehna hoga. Fir se shuruaat karna hoga. ?? resilienceAfterWar,,,,,,,,,,,,,,,,
resilience,Yudh ke asar mein bhi humein ek doosre ke liye strong banna hoga. Hum ek saath sab kuch sahenge. ???? ResilientTogether,,,,,,,,,,,,,,,,
compassion,Yudh ke karan peedit logon ki madad karna hamara insaani farz hai. ?? compassionForWarVictims,,,,,,,,,,,,,,,,
compassion,Is yudh mein peedit logon ki madad karna hamara insaani farz hai. Hum ek dusre ke liye compassion dikhana chahiye. ?? compassionateEfforts,,,,,,,,,,,,,,,,
gratitude,"Yudh ke karan hum apne desh ke liye kuch nahi kar paaye, lekin humein shanti ke liye prarthana karni chahiye. ?? gratitudeForPeace",,,,,,,,,,,,,,,,
gratitude,"Yudh ke chakkar mein hum apne desh ko kuch nahi de sakte, lekin humein shanti ke liye hamesha prarthana karni chahiye. ?? gratitudeForTranquility",,,,,,,,,,,,,,,,
fear,Har kadam pe yudh ke bhay se hamara dil dhadakta hai. Aman aur suraksha ka koi bharosa nahi. ?? fearfulJourney,,,,,,,,,,,,,,,,
fear,"Yudh ka khatma nahin dikhta, aur yeh soch kar humein dar lagta hai ki kahin humein bhi nuksan na ho jaye. ?? fearOfEndlessWar",,,,,,,,,,,,,,,,
anger,Yudh se humare sapnon ko tod diya gaya hai. Hum gusse se bhar gaye hain. ?? AngryAtWar,,,,,,,,,,,,,,,,
anger,Yudh ke zulm se humara khoon khaul raha hai. Humara gussa humare dil se bahar aata hai. ?? OutragedByWar,,,,,,,,,,,,,,,,
sadness,"Har kona hai sunsaan, har dil hai toota. Yudh ne humein akela chhod diya hai. ?? LonelyWarfare",,,,,,,,,,,,,,,,
sadness,Yudh ke zahar ne humein har cheez khoi hai. Har pal hai dukh bhara. ?? WarTfears,,,,,,,,,,,,,,,,
anxiety,Yudh ke khatam hone ka koi andaaza nahi. Hum iss anishchitata se pareshan hain. ?? AnxiousAboutTheFuture,,,,,,,,,,,,,,,,
anxiety,"Yudh ke khatam hone ka koi date nahin hai, aur yeh humein bechaini mein daal raha hai. ?? AnxiousForPeace",,,,,,,,,,,,,,,,
shame,Yudh ke atyacharon se humein sharm aati hai. Humare desh ko sudharne ki zarurat hai. ?? shamefulWarCrimes,,,,,,,,,,,,,,,,
shame,Yudh ke chakkar mein humare sanskriti ka apmaan ho raha hai. Yeh bahut sharmnaak hai. ?? Culturalshame,,,,,,,,,,,,,,,,
guilt,"Hum apne desh ke liye kuch nahi kar paaye, aur iske liye humein hamesha guilt rahega. ?? guiltForInaction",,,,,,,,,,,,,,,,
hopelessness,"Yudh ka ant nahi dikhta, aur humein lagta hai ki shanti ka sapna humare liye adhoora rahega. ?? hopelessForPeace",,,,,,,,,,,,,,,,
frustration,Yudh ke atyacharon se humein khujli si hoti hai. Kuch badalne ka ab mauka chahiye. ?? FrustratedWithInjustice,,,,,,,,,,,,,,,,
frustration,Yudh se humare desh ka bhavishya andheron mein dikh raha hai. Yeh humein behad khafa karta hai. ?? frustrationWithTheFuture,,,,,,,,,,,,,,,,
disgust,Yudh ne humein kroor drishya dikhaaye hain. Insaaniyat ka dushman bann gaya hai. ?? disgustedByHumanityLoss,,,,,,,,,,,,,,,,
disgust,Yudh ke nateeje se humare dil mein ghin aati hai. Humare desh ko isse mukt karna hoga. ?? disgustedByWarResults,,,,,,,,,,,,,,,,
grief,Har yudh se humare desh mein bahut dukh hota hai. Logon ki mauton ka gham humein sehna pad raha hai. ?? GrievingForTheFallen,,,,,,,,,,,,,,,,
grief,Yudh ke karan humare desh mein ek gehra dukh chhaya hua hai. Kuch bhi sudharne ka ab samay hai. ?? griefStrickenNation,,,,,,,,,,,,,,,,
empathy,Yudh se peedit logon ke prati humein gehra sahanubhuti hai. Humara dil unke saath hai. ?? empathyForWarVictims,,,,,,,,,,,,,,,,
empathy,Yudh ke karan humein doosron ki takleef samajhna hua hai. Hum apne saathi bhaiyon ke saath hain. ?? empathyInhope,,,,,,,,,,,,,,,,
resilience,Har yudh ke baad humein ek doosre ke saath khada rehna hoga. Sahi disha mein badhna hoga. ?? resilienceAfterConflict,,,,,,,,,,,,,,,,
resilience,Yudh ke baad bhi humein apne aap ko majboot banaye rakhna hoga. Hum saath hain. ???? ResilientTogether,,,,,,,,,,,,,,,,
compassion,Yudh se peedit logon ki madad karna humara insaani farz hai. Unke saath hum ek saath hain. ?? compassionForWarAffected,,,,,,,,,,,,,,,,
compassion,Is yudh mein peedit logon ki madad karna humara insaani farz hai. Hum ek dusre ke liye compassion dikhana chahiye. ?? compassionateSupport,,,,,,,,,,,,,,,,
gratitude,"Yudh ke karan hum apne desh ke liye kuch nahi kar paaye, lekin humein shanti ke liye hamesha prarthana karni chahiye. ?? gratitudeForPeace",,,,,,,,,,,,,,,,
gratitude,"Yudh ke chakkar mein hum apne desh ko kuch nahi de sakte, lekin humein shanti ke liye hamesha prarthana karni chahiye. ?? gratitudeForTranquility",,,,,,,,,,,,,,,,
empathy,Humein ek dusre ke dard ko samajhna aur usme sahayata karne ka samay aa gaya hai. ?? empathyForAll,,,,,,,,,,,,,,,,
resilience,"Yudh ne hamare desh ko todiya hai, lekin hamara hausla abhi bhi tuti hui ashaon se bhara hua hai. ?? NeverGiveUp",,,,,,,,,,,,,,,,
resilience,"Humne dekha hai ki har mushkil ko sahne ka tareeka humare desh ke logon mein hai. Hum fir se khade honge, aur hausla buland rakhege. ?? ResilientNation",,,,,,,,,,,,,,,,
compassion,Yudh se prabhavit logon ke liye hamara sneh aur madad bhara hua hai. Hum ek dusre ke saath khade hain. ?? compassionForAll,,,,,,,,,,,,,,,,
compassion,"Hamen ek dusre ke dukh mein samvedana dikhana chahiye, taki ham ek majboot samaj ban sakein. ?? UnityInAdversity",,,,,,,,,,,,,,,,
gratitude,"Hamare desh ko yudh ke parinaam se ubhara hua hai, lekin humein ab bhi kuch bacha hua hai jo hume grateful banata hai. ?? RemainingGrateful",,,,,,,,,,,,,,,,
gratitude,Shaanti ke liye hum hamesha kritagnata rakhenge aur apne desh ko phir se ek majboot aur samriddh rashtra banayenge. ?? gratitudeForPeace,,,,,,,,,,,,,,,,
fear,"Har pal darr ka ehsaas hota hai, kyun ki yudh ka ant abhi tak nahi aaya hai. Ab is darr ko door karna hoga. ?? Overcomingfear",,,,,,,,,,,,,,,,
fear,"Darr ka mahaul hai, par humein ek dusre ke saath milkar iska samna karna hoga. Saath mein hi hum majboot honge. ?? FacingfearTogether",,,,,,,,,,,,,,,,
anger,Yudh ke khatarnak parinaamon se hume gussa aata hai. Hamein milke is par rok lagani hogi aur badlav layenge. ?? Channelinganger,,,,,,,,,,,,,,,,
anger,"Hamara gussa humare desh ke liye, humare logon ke liye. Lekin is gusse ko hamen sachai aur nyay ke marg par le jana hoga. ???? angerForChange",,,,,,,,,,,,,,,,
sadness,Yudh ke karan hume ek dusre se doori mehsoos hoti hai. Lekin humein milke ismein badlav laana hoga. ?? BridgingTheGap,,,,,,,,,,,,,,,,
sadness,"Har dil toota hua hai, har ghar sunsaan. Lekin hum ek dusre ke saath hain, aur humein aage badhna hoga. ?? TogetherInSorrow",,,,,,,,,,,,,,,,
anxiety,"Har kadam pe naye anishchitayen, yeh soch kar chinta hoti hai. Lekin humein ek dusre ko sahayata karna hoga. ?? ConqueringUncertainty",,,,,,,,,,,,,,,,
anxiety,Yudh ka khatma na hone ke karan hamare bhavishya mein andhera hai. Lekin humein ek dusre ke saath ujale ki taraf badhna hoga. ?? MovingTowardsLight,,,,,,,,,,,,,,,,
shame,Yudh ke apradhon ka bojh humare dil par hai. Lekin humein is galti ko sudharne ka iraada karna hoga. ?? RectifyingMistakes,,,,,,,,,,,,,,,,
shame,Yudh ke atyacharon ke liye humein sharminda hona chahiye. Hamein sudharne aur behtar banana hoga. ?? ShamingAtrocities,,,,,,,,,,,,,,,,
guilt,Hum hamesha se sochte hain ki humne apne desh ke liye aur bhi kuch kar paate. Lekin abhi humein badlav layenge. ?? guiltIntoAction,,,,,,,,,,,,,,,,
guilt,Is yudh mein shamil na hone ka gunaah hamesha hamare dil par bhaari padta rahega. Lekin ab hum saath milke is par rok lagayenge. ?? guiltForChange,,,,,,,,,,,,,,,,
hopelessness,"Yudh ka ant nahi dikhai deta, lekin humein saath milkar ek dusre ko samarthan dena hoga. ?? TogetherInhopelessness",,,,,,,,,,,,,,,,
frustration,Yudh ki tabahi se hume khijh aati hai. Ab humein saath milke is tabahi se bahar nikalna hoga. ?? UnitedAgainstDestruction,,,,,,,,,,,,,,,,
frustration,"Yudh ka silsila hamare desh ko barbaad kar raha hai, lekin humein ab ek dusre ke saath milke iska samna karna hoga. ?? RisingAboveDestruction",,,,,,,,,,,,,,,,
disgust,Yudh ne humein kroor drishyon se rubru karaya hai. Ab humein ek dusre ko sahayata karna hoga. ?? compassionOverCruelty,,,,,,,,,,,,,,,,
disgust,Yudh mein hui kroorta se humare dil mein ghin aati hai. Lekin humein ek dusre ke saath milke badlav laana hoga. ?? ChangeOverCarnage,,,,,,,,,,,,,,,,
grief,Apnon ko khone ka dukh hamesha rahega. Lekin humein unke yaadon ko samarpit rahna hoga. ?? RemembranceInLoss,,,,,,,,,,,,,,,,
grief,"Yudh ke karan humne bahut kuch khoya hai, lekin humein ek dusre ke saath milke aage badhna hoga. ?? MovingForwardInSorrow",,,,,,,,,,,,,,,,
empathy,Yudh se peedit logon ke liye humara dil ro raha hai. Ab humein ek dusre ke saath unke samasyaon ka samna karna hoga. ?? empathyForTheSuffering,,,,,,,,,,,,,,,,
empathy,Hamara saath peedit logon ke liye hai. Hum ek dusre ke liye samarpit hain. ?? UnitedForThoseInNeed,,,,,,,,,,,,,,,,
resilience,Mushkil samay mein bhi humara hausla tuti hui ashaon se bhara hua hai. Ab humein ek dusre ke saath majbooti banani hoga. ?? BuildingresilienceTogether,,,,,,,,,,,,,,,,
resilience,Har mushkil ko sahne ka tareeka humein humare desh ke logon se mila hai. Hum ek dusre ke saath khade hain. ?? StandingStrongTogether,,,,,,,,,,,,,,,,
compassion,Yudh ke karan peedit logon ke liye hamara sneh aur sahayata bhara hua hai. Ab humein ek dusre ke saath unke liye khade hona hoga. ?? compassionForTheAffected,,,,,,,,,,,,,,,,
compassion,Har peedit vyakti ke liye humara dil hai. Hum ek dusre ko sahayata karenge aur unke liye khade honge. ?? SupportForTheVictims,,,,,,,,,,,,,,,,
gratitude,Hum hamesha shaanti ke liye kritagnata rakhenge aur iske liye saath milkar kaam karenge. ?? gratitudeForPeace,,,,,,,,,,,,,,,,
gratitude,"Yudh ke parinaam se bacha hua hai, lekin ab humein isse sikh lena hoga aur ek dusre ke saath shaanti ka marg dhoondhna hoga. ?? LfearningFromConflict",,,,,,,,,,,,,,,,
fear,Yudh ke mahaul mein har kona darr se bhara hua hai. Ab humein ek dusre ke saath milkar is darr ko door karna hoga. ?? OvercomingfearTogether,,,,,,,,,,,,,,,,
fear,Har dil mein ek bhayankar soch hai - yudh ka ant kab hoga? Lekin humein ek dusre mein sahayata milenge. ?? FacingThefearOfUncertainty,,,,,,,,,,,,,,,,
anger,Yudh ke khatarnak parinaamon se hume gussa aata hai. Hamein milke is par rok lagani hogi aur badlav layenge. ?? ChannelingangerForChange,,,,,,,,,,,,,,,,
anger,"Hamara gussa humare desh ke liye, humare logon ke liye. Lekin is gusse ko hamen sachai aur nyay ke marg par le jana hoga. ???? angerForJustice",,,,,,,,,,,,,,,,
sadness,Yudh ke karan hume ek dusre se doori mehsoos hoti hai. Lekin humein milke ismein badlav laana hoga. ?? BridgingTheGapInSorrow,,,,,,,,,,,,,,,,
sadness,"Har dil toota hua hai, har ghar sunsaan. Lekin hum ek dusre ke saath hain, aur humein aage badhna hoga. ?? TogetherInSorrowfulTimes",,,,,,,,,,,,,,,,
anxiety,"Har kadam pe naye anishchitayen, yeh soch kar chinta hoti hai. Lekin humein ek dusre ko sahayata karna hoga. ?? ConqueringUncertaintyTogether",,,,,,,,,,,,,,,,
anxiety,Yudh ka khatma na hone ke karan hamare bhavishya mein andhera hai. Lekin humein ek dusre ke saath ujale ki taraf badhna hoga. ?? MovingTowardsLightInUncertainTimes,,,,,,,,,,,,,,,,
shame,Yudh ke apradhon ka bojh humare dil par hai. Lekin humein is galti ko sudharne ka iraada karna hoga. ?? RectifyingMistakesTogether,,,,,,,,,,,,,,,,
shame,Yudh ke atyacharon ke liye humein sharminda hona chahiye. Hamein sudharne aur behtar banana hoga. ?? ShamingAtrocitiesTogether,,,,,,,,,,,,,,,,
guilt,Hum hamesha se sochte hain ki humne apne desh ke liye aur bhi kuch kar paate.,,,,,,,,,,,,,,,,
anxiety,"Duniya mein yudh ke asar ab tak mehsoos ho rahe hain, aur log pooch rahe hain, 'Hum yahaan kaise pahunch gaye?' Jawabon ki talash badh rahi hai, bilkul jaise shaanti ki zarurat bhi. ????? #WorldWarInquiry #AnswersChahteHain",,,,,,,,,,,,,,,,
fear,"Yudh ke bhay se ghar, vyavsay, aur soch sab kuch kho diya. Duniya ko chahiye shaanti aur suraksha, na ki aur jung. ?????",,,,,,,,,,,,,,,,
fear,"Jab yudh ka khatra hota hai, toh har kona darr se bhara hota hai. Kaise jeeyenge ab? ????",,,,,,,,,,,,,,,,
anger,Yudh ne humein sab kuch cheen liya hai. Gussa is atyachar par aur bhi badh gaya hai. ????,,,,,,,,,,,,,,,,
anger,"Humne sab kuch khoya, aur yudh ki atyachar ne humein is haalat mein daal diya. Gussa is halaat par! ????",,,,,,,,,,,,,,,,
sadness,"Yudh ke baad, har kona hai udas aur tuti hui zindagi ka saboot hai. ????",,,,,,,,,,,,,,,,
sadness,"In raaton mein jab yudh ka bhay hota hai, tab insaan ke dil ko bahut takleef hoti hai. ????",,,,,,,,,,,,,,,,
anxiety,Yudh ka astitva humein hamesha ke liye badal diya hai. Ab har kadam par naye khatre ka ehsaas hai. ????,,,,,,,,,,,,,,,,
anxiety,"Yudh ne chhoda hai hamare dil mein ek aisa daag, jo humesha ke liye nahi mitne wala. Stress ka samay hai. ????",,,,,,,,,,,,,,,,
shame,"Yudh ke kaaran, hamare desh ka naam mitti mein mila diya gaya hai. Sharm aati hai, aur sudharne ka samay aa gaya hai. ??????",,,,,,,,,,,,,,,,
shame,"Humne yudh ko roka nahi, aur iske kaaran humein sharminda hona pad raha hai. Sudhar ka samay aaya hai. ????",,,,,,,,,,,,,,,,
guilt,"Gunaah hai, ki humne yudh ke khatre ko pehchana nahi aur ab hum sab kuch khoya hain. ????",,,,,,,,,,,,,,,,
hopelessness,"Yudh ke baad, koi umeed nahi dikhai deti. Sab kuch bikhar gaya hai. ????",,,,,,,,,,,,,,,,
frustration,"Yudh ka samay badal raha hai, par humein koi sahayata nahi milti. Khafa hain hum yeh halat dekhkar. ????",,,,,,,,,,,,,,,,
frustration,"Yudh ne humein barbaad kar diya hai, aur is bebas halat mein humein koi raah nahi dikhai de raha. ????",,,,,,,,,,,,,,,,
disgust,Yudh ke atyachar se humein ghin aati hai. Kaise ek insaan doosre insaan ke saath aisa kar sakta hai? ????,,,,,,,,,,,,,,,,
grief,"Apnon ko khone ka dukh hai, jo yudh ke kaaran humse alag ho gaye hain. Dil toot gaya hai. ????",,,,,,,,,,,,,,,,
empathy,"Yudh ke kaaran jo log pareshaan hain, unke saath humein bhi hai. Sahyog aur samvedana ka samay hai. ????",,,,,,,,,,,,,,,,
resilience,"Yudh ke baad bhi, humne haar nahi maani hai. Hum phir khade honge aur apne desh ko punah banayenge. ????",,,,,,,,,,,,,,,,
compassion,Yudh ke dauran pareshaan huye logon ki madad karna hamara farz hai. Sahyog aur daya ka samay hai. ????,,,,,,,,,,,,,,,,
gratitude,"Yudh ke baad, humein shaanti ka anand uthane ka avsar mil raha hai. Is shaanti ka dhanyavaad karte hain. ????",,,,,,,,,,,,,,,,
hopelessness,"Yeh kyun hua, aur hum aise ghatnayein future mein kaise rok sakte hain? ????? #WorldWarfears #AnswersInSfearch",,,,,,,,,,,,,,,,
fear,"Yudh ke bhay se ghar, vyavsay, aur soch sab kuch kho diya. Duniya ko chahiye shaanti aur suraksha, na ki aur jung. ?????",,,,,,,,,,,,,,,,
fear,"Jab yudh ka khatra hota hai, toh har kona darr se bhara hota hai. Kaise jeeyenge ab? ????",,,,,,,,,,,,,,,,
anger,Yudh ne humein sab kuch cheen liya hai. Gussa is atyachar par aur bhi badh gaya hai. ????,,,,,,,,,,,,,,,,
anger,"Humne sab kuch khoya, aur yudh ki atyachar ne humein is haalat mein daal diya. Gussa is halaat par! ????",,,,,,,,,,,,,,,,
sadness,"Yudh ke baad, har kona hai udas aur tuti hui zindagi ka saboot hai. ????",,,,,,,,,,,,,,,,
sadness,"In raaton mein jab yudh ka bhay hota hai, tab insaan ke dil ko bahut takleef hoti hai. ????",,,,,,,,,,,,,,,,
anxiety,Yudh ka astitva humein hamesha ke liye badal diya hai. Ab har kadam par naye khatre ka ehsaas hai. ????,,,,,,,,,,,,,,,,
anxiety,"Yudh ne chhoda hai hamare dil mein ek aisa daag, jo humesha ke liye nahi mitne wala. Stress ka samay hai. ????",,,,,,,,,,,,,,,,
shame,"Yudh ke kaaran, hamare desh ka naam mitti mein mila diya gaya hai. Sharm aati hai, aur sudharne ka samay aa gaya hai. ??????",,,,,,,,,,,,,,,,
shame,"Humne yudh ko roka nahi, aur iske kaaran humein sharminda hona pad raha hai. Sudhar ka samay aaya hai. ????",,,,,,,,,,,,,,,,
guilt,"Gunaah hai, ki humne yudh ke khatre ko pehchana nahi aur ab hum sab kuch khoya hain. ????",,,,,,,,,,,,,,,,
hopelessness,"Yudh ke baad, koi umeed nahi dikhai deti. Sab kuch bikhar gaya hai. ????",,,,,,,,,,,,,,,,
frustration,"Yudh ka samay badal raha hai, par humein koi sahayata nahi milti. Khafa hain hum yeh halat dekhkar. ????",,,,,,,,,,,,,,,,
frustration,"Yudh ne humein barbaad kar diya hai, aur is bebas halat mein humein koi raah nahi dikhai de raha. ????",,,,,,,,,,,,,,,,
disgust,Yudh ke atyachar se humein ghin aati hai. Kaise ek insaan doosre insaan ke saath aisa kar sakta hai? ????,,,,,,,,,,,,,,,,
grief,"Apnon ko khone ka dukh hai, jo yudh ke kaaran humse alag ho gaye hain. Dil toot gaya hai. ????",,,,,,,,,,,,,,,,
empathy,"Yudh ke kaaran jo log pareshaan hain, unke saath humein bhi hai. Sahyog aur samvedana ka samay hai. ????",,,,,,,,,,,,,,,,
resilience,"Yudh ke baad bhi, humne haar nahi maani hai. Hum phir khade honge aur apne desh ko punah banayenge. ????",,,,,,,,,,,,,,,,
compassion,Yudh ke dauran pareshaan huye logon ki madad karna hamara farz hai. Sahyog aur daya ka samay hai. ????,,,,,,,,,,,,,,,,
gratitude,"Yudh ke baad, humein shaanti ka anand uthane ka avsar mil raha hai. Is shaanti ka dhanyavaad karte hain. ????",,,,,,,,,,,,,,,,
gratitude,"Yudh ke baad, humein shaanti ka anand uthane ka avsar mil raha hai. Is shaanti ka dhanyavaad karte hain. ????????",,,,,,,,,,,,,,,,
fear,"Har kona har pal yudh se bhara hai, iska ant kyun nahi aata? fearOfEndlessConflict hopelessReality ????",,,,,,,,,,,,,,,,
anger,"Yudh ke atyachaaron se mera khoon garam ho raha hai. Ladenge, haar nahin maanenge! NeverBackDown AgainstInjustice ????",,,,,,,,,,,,,,,,
sadness,Yudh se ghar se beghar hokar logon ka dukh dekhkar dil bahut dukhta hai. WarTfearsApart HumanityCries ????,,,,,,,,,,,,,,,,
anxiety,"Is yudh ka kab khatam hoga, yeh sochkar chinta hoti hai. AnxiousThoughts EndTheConflict ????",,,,,,,,,,,,,,,,
shame,Is yudh mein hui hinsa aur atyachaar ke liye mujhe sharm aati hai. Sudharne ki zarurat hai. shamefulWar ReflectAndChange ????,,,,,,,,,,,,,,,,
guilt,Yudh ke karan desh ke liye kuch nahi kar paane ka gunaah hamesha khaata hai. guiltTrip WishICouldHelp ????,,,,,,,,,,,,,,,,
hopelessness,"Yudh ka koi ant nahi dikhai deta, yeh niraasha bhari hai. NoEndInSight hopeless ????",,,,,,,,,,,,,,,,
frustration,Yudh ki tabahi aur barbaadi ko dekhkar gussa aati hai. FrustratedHfeart EndTheChaos ????,,,,,,,,,,,,,,,,
disgust,Yudh mein hui kroorta se mujhe ghin aati hai. Wardisgust StopTheCarnage ????,,,,,,,,,,,,,,,,
grief,"Apnon ko khone ka dukh sahana mushkil hai. Is yuddha mein itne saare logon ki jaan chali gayi, unke parivaaron ka gham kya hota hoga, yeh sochkar dukh hota hai. Wargrief LossIsDeep ????",,,,,,,,,,,,,,,,
empathy,Is yuddha mein peedit logon ki madad karna hamara insaaniyat hai. empathyInAction StandWithTheAffected ??????,,,,,,,,,,,,,,,,
resilience,Is mushkil samay mein bhi haar nahi manunga aur har chunauti ka saamna karoonga. resilience StayStrong ????,,,,,,,,,,,,,,,,
compassion,Yuddha ke karan peedit logon ki madad ke liye har sambhav koshish karoonga. compassionForAll HelpingHands ??????,,,,,,,,,,,,,,,,
hope,"Yuddha khatam hoga aur shaanti bahal hogi, is umeed se jee rahaa hoon. hopeForPeace BelieveInTheFuture ?????",,,,,,,,,,,,,,,,
gratitude,Yudha ke karan apne desh ke liye kuch na kar paane ka gunaah mujhe hamesha khaayega. ????,,,,,,,,,,,,,,,,
gratitude,Yudha ke karan apne desh ke liye kuch na kar paane ka gunaah mujhe hamesha khaayega. ????,,,,,,,,,,,,,,,,
fear,?? Duniya mein yudh ka mahaul banane se sabhi ko dar lagta hai. Hum sab ko milkar is darr ko door karna chahiye.,,,,,,,,,,,,,,,,
fear,"?? Yudh ka koi hal nahi hai, bas masoomon ko takleef dena hai. Is bhayankar bhay ko door karein, shaanti aur samajhdari se.",,,,,,,,,,,,,,,,
anger,?? Yudh ka aghaaz karne walon se gussa aata hai. Kya is sab ko rokne ka koi tareeka nahi hai? anger aur frustration ka hal humein milkar nikalna hoga.,,,,,,,,,,,,,,,,
anger,"?? Injustice aur vinash ka samna karte hue humein gussa aata hai. Yudh ko rokne ke liye awaz uthao, ek behtar duniya ke liye.",,,,,,,,,,,,,,,,
sadness,?? Yudh se ghar se beghar hokar logon ka dukh dekhkar dil bahut dukhta hai. Innocent logon ko is tarah se takleef na dena chahiye.,,,,,,,,,,,,,,,,
sadness,?? Masoomon ka dukh dekhkar humein yudh se door rehna chahiye. Shaanti aur samajhdari se hi hum ek dusre ke saath sukoon bhara jeevan jeet sakte hain.,,,,,,,,,,,,,,,,
anxiety,"?? Yudh ka kab khatam hoga, yeh sochkar chinta hoti hai. Anxious thoughts ko door karne ke liye global peace aur diplomacy ko badhava do.",,,,,,,,,,,,,,,,
anxiety,?? Yudh se hone wale nuksan ki soch humein pareshan karti hai. Is duniya ko ek surakshit sthiti mein rakhne ke liye humein milke kaam karna hoga.,,,,,,,,,,,,,,,,
shame,?? Yudh ke karan desh ke liye kuch nahi kar paane ka gunaah hamesha khaata hai. guilt ko door karne ke liye humein ek dusre ke saath sahayog karna hoga.,,,,,,,,,,,,,,,,
shame,????? Humare desh ke liye yudh mein shamil hone par sharm aati hai. Is samasya ko suljhane ke liye humein ek dusre ke saath milke kaam karna hoga.,,,,,,,,,,,,,,,,
guilt,?? Yudh ke asar se humara frustration badhta hai. Is frustration ko channelize karke humein ek samajhdar tareeke se samasyaon ka samna karna hoga.,,,,,,,,,,,,,,,,
guilt,?? Russia-Ukraine yudh ne duniya ko ek or darindagi ka chehra dikhaya hai. Hum sab ko is disgusting hinsa ko rokne ke liye ek ho kar kaam karna hoga.,,,,,,,,,,,,,,,,
hopelessness,"?? Yudh ka koi ant nahi dikhai deta, yeh niraasha bhari hai. Humein ek dusre ke saath milkar yudh ko rokne ka prayas karna hoga.",,,,,,,,,,,,,,,,
hopelessness,"?? Yudh ke baad humein ek bebas mehsoos hota hai. Lekin humein khud ko dobara uthana hoga, aur ek behtar duniya ki taraf kadam badhana hoga.",,,,,,,,,,,,,,,,
frustration,?? Yudh ki tabahi aur barbaadi ko dekhkar gussa aata hai. Frustrated hfeart se nikal kar humein shaanti aur samajhdari ka rasta apnana chahiye.,,,,,,,,,,,,,,,,
frustration,?? Yudh ke asar se humara frustration badhta hai. Is frustration ko channelize karke humein ek samajhdar tareeke se samasyaon ka samna karna hoga.,,,,,,,,,,,,,,,,
disgust,?? Yudh mein hui kroorta se ghin aati hai. War disgust ko door karne ke liye humein ek dusre ke saath milke kaam karna hoga.,,,,,,,,,,,,,,,,
disgust,?? Russia-Ukraine yudh ne duniya ko ek or darindagi ka chehra dikhaya hai. Hum sab ko is disgusting hinsa ko rokne ke liye ek ho kar kaam karna hoga.,,,,,,,,,,,,,,,,
grief,"?? Apnon ko khone ka dukh sahana mushkil hai. Is yudh mein itne logon ki jaan chali gayi, yeh sochkar dukh hota hai. Humare dil se ek dusre ke saath judne ka samay hai.",,,,,,,,,,,,,,,,
grief,"?? Yudh ke asar se humein apnon ko khone ka dukh hai. Hum sab ko ek dusre ke saath khada hona hoga, taki hum ap",,,,,,,,,,,,,,,,
empathy,?? Is yudh ke peedit logon ke prati sahanubhuti rakhta hoon. empathy in action laane ka waqt aa gaya hai.,,,,,,,,,,,,,,,,
empathy,"?? Yudh se peedit hokar insaan ko samajhne ka ehsaas hota hai. empathy dikhane ka waqt aa gaya hai, hum sab ko ek dusre ki madad karni chahiye.",,,,,,,,,,,,,,,,
resilience,"?? Mushkil samay mein bhi haar nahi manunga, har mushkil ko sahne ka iraada hai. resilience aur determination se humein ek dusre ke saath milkar aage badhna hoga.",,,,,,,,,,,,,,,,
resilience,"?? Yudh ke asar se humein dobara se uthkar khada hona hoga. resilience aur hope dikhane ka samay aa gaya hai, ek behtar kal ke liye.",,,,,,,,,,,,,,,,
compassion,?? Is yudh ke beech me rah kar peedit logon ki madad karna hamara insaani farz hai. compassion in action laane ka waqt aa gaya hai.,,,,,,,,,,,,,,,,
compassion,?? Russia-Ukraine yudh ne humein dikhaya hai ki compassion aur madad ek dusre ke liye kitna zaruri hai. Ab hum sab ko ek dusre ki madad karni chahiye.,,,,,,,,,,,,,,,,
hope,"?? Yudh ke baad, humein ek behtar kal ki ummeed rakni chahiye, shaanti ka maahaul phir se banayenge.",,,,,,,,,,,,,,,,
hope,"?? Russia-Ukraine yudh ke baad bhi, humein hope honi chahiye ki hum sab ek behtar duniya ki taraf badh rahe hain.",,,,,,,,,,,,,,,,
hopelessness,"?? Yudh ka koi ant nahi dikhai deta, yeh niraasha bhari hai. NoEndInSight. It's dishfeartening to see the prolonged impact of war. Ab humein ek doosre ke saath milkar yudh ka ant karne ki koshish karni chahiye.",,,,,,,,,,,,,,,,
hopelessness,"?? Yudh ke asar se humein ek bebas mehsoos hota hai, lekin humein dobara se hope dikhana hoga. Ab ek doosre ke saath rehkar aur samajhdari se kaam karna hoga, takleefon ka hal nikalne ke liye.",,,,,,,,,,,,,,,,
frustration,?? Yudh ki tabahi aur barbaadi ko dekhkar gussa aata hai. FrustratedHfeart. It's time to channel our frustration into efforts to end the chaos and work towards a more peaceful world.,,,,,,,,,,,,,,,,
frustration,?? Yudh ke asar se humare desh mein hui tabahi aur destruction ko dekhkar humein frustration hota hai. Ab humein ek saath milkar is frustration ko positive change mein badalna hoga.,,,,,,,,,,,,,,,,
disgust,?? Yudh mein hui kroorta se ghin aati hai. Wardisgust. It's crucial for us to collectively condemn the atrocities of war and strive for a world where peace and compassion prevail.,,,,,,,,,,,,,,,,
disgust,"?? Russia-Ukraine yudh ne humein duniya ke kuch logon ki kroorta ka sach dikha diya hai, aur isse humein disgust aata hai. Ab humein ek doosre ke saath milke is ghinavat bhare halat ko sudharna hoga.",,,,,,,,,,,,,,,,
grief,"?? Apnon ko khone ka dukh sahana mushkil hai. Is yudh mein itne logon ki jaan chali gayi, yeh sochkar dukh hota hai. Wargrief LossIsDeep. Hum sabko ek doosre ke saath milke is dukh ko sahne aur samajhne ki zarurat hai.",,,,,,,,,,,,,,,,
grief,"?? Yudh ke asar se humein grief hai, lekin ab humein is grief ko overcome karna hoga. Ab humein ek doosre ki madad karni chahiye, takleef mein saath dena chahiye.",,,,,,,,,,,,,,,,
empathy,?? Is yudh ke peedit logon ke prati sahanubhuti rakhta hoon. empathyInAction StandWithTheAffected. It's time to turn our empathy into action and stand in hope with those affected by the war.,,,,,,,,,,,,,,,,
empathy,"?? Yudh se humein ek dusre ke prati empathy aur samvedana ka izhaar karna hoga. Ab ek doosre ko samajhne ka waqt aa gaya hai, takleefon mein saath dena hoga.",,,,,,,,,,,,,,,,
resilience,"?? Mushkil samay mein bhi haar nahi manunga, har mushkil ko sahne ka iraada hai. resilience StayStrong. In the face of adversity, let's show resilience and determination to overcome challenges.",,,,,,,,,,,,,,,,
resilience,"?? Yudh ke asar se humein majboot banaya hai, humein ab resilience aur determination dikhana hoga. Ab ek doosre ko support karna aur saath dena hoga.",,,,,,,,,,,,,,,,
compassion,?? Yudh ke beech me rah kar peedit logon ki madad karna hamara insaani farz hai. compassionForAll HelpingHands. Let's extend our helping hands to those in need and show compassion to all.,,,,,,,,,,,,,,,,
compassion,?? Russia-Ukraine yudh se humein compassion aur ek dusre ke prati madad karne ki zarurat hai. Ab ek doosre ki madad karte hain aur shaanti ki taraf badhte hain.,,,,,,,,,,,,,,,,
hope,"??? Andhere mein bhi, mujhe ummeed hai ki yeh yudh khatam hoga aur shaanti ayegi. hopeForPeace BelieveInTheFuture. Despite the darkness, let's hold onto hope for a peaceful and better future.",,,,,,,,,,,,,,,,
hope,?? Shaanti ka anand uthaate hain aur ek behtar duniya ke liye yogdan dene ka jimmedaari nibhaate hain. gratitude PeacefulWorld. Let's contribute to creating a peaceful world and express gratitude.,,,,,,,,,,,,,,,,
grief,?? Yudh ke kshetra mein sab kuch kho dene wale vyakti ke prati humara gehra dukh hai. grief and condolences for those who have lost everything in the battle.,,,,,,,,,,,,,,,,
grief,"?? Yudh ke asar se apnon, ghar aur sab kuch kho dene wale logon ke liye humara dil ro raha hai. Let's stand in hope with those who have faced unimaginable losses.",,,,,,,,,,,,,,,,
empathy,?? Yudh ke shikar hokar sab kuch kho dene wale vyakti ke prati humara empathy hai. Let's extend our support and empathy to those who have lost everything in the war.,,,,,,,,,,,,,,,,
empathy,"?? Yudh se peedit hokar jin logon ne sab kuch khoya hai, unke prati hamara sahanubhuti aur empathy hai. Ab unki madad karte hain aur ek dusre ka saath dena hoga.",,,,,,,,,,,,,,,,
hope,"?? Yudh ke baad bhi, humein ummeed hai ki insaniyat ka jazba phir se jagayega aur sab kuch dobara se banayega. hopeForRecovery. Despite the losses, let's hold onto hope for recovery.",,,,,,,,,,,,,,,,
hope,"??? Yudh ke kshetra mein sab kuch kho dene ke baad bhi, humein ek naye shuruaat ki ummeed hai. Let's strive for a new beginning and work towards rebuilding what was lost in the battle.",,,,,,,,,,,,,,,,
resilience,"?? Yudh ke shikar hokar bhi, jin logon ne sab kuch kho diya hai, unka hosla aur majbooti ka jazba dekha ja sakta hai. Salute to the resilience of those who have lost everything in the battle.",,,,,,,,,,,,,,,,
resilience,"?? Yudh ke asar se sab kuch khone ke baad bhi, logon mein resilience ka bharosa bana rehta hai. Let's encourage and support each other to bounce back from the losses.",,,,,,,,,,,,,,,,
compassion,?? Yudh ke shikar hokar sab kuch kho dene wale vyakti ke prati hamara compassion aur prem hai. It's time to show compassion and love towards those who are dealing with profound losses.,,,,,,,,,,,,,,,,
compassion,"?? Yudh ke kshetra mein sab kuch har dene ke baad, humein ek dusre ke prati compassion aur samvedana dikhana hoga. Let's stand together with compassion for those who have lost everything.",,,,,,,,,,,,,,,,
hope,"?? Yudh ke baad bhi, humein ummeed hai ki sab kuch dobara se bana sakta hai. Let's join hands and work towards a hopeful future, rebuilding what has been lost in the aftermath of war.",,,,,,,,,,,,,,,,
hope,"?? Despite the devastation caused by war, let's hold onto hope and work towards a brighter tomorrow. There is hope in unity, and together, we can rebuild what has been lost.",,,,,,,,,,,,,,,,
empathy,"?? In the aftermath of war, extending our empathy towards those who have lost everything becomes crucial. Let's come together to support and understand the pain of those affected.",,,,,,,,,,,,,,,,
empathy,"?? Yudh ke baad, humein ek dusre ke prati empathy dikhana hoga, especially towards those who have faced unimaginable losses. empathy is the bridge that connects us during difficult times.",,,,,,,,,,,,,,,,
grief,"?? Yudh ke prabhav se hue har nuksan ke liye, humein ek dusre ke dukh ko samajhna hoga. Expressing grief and comforting those who mourn is an essential part of healing and rebuilding.",,,,,,,,,,,,,,,,
grief,"?? Yudh ke asar se sab kuch khone ka dukh hum sab mehsoos karte hain. Let's share our grief and stand together in hope, offering support to those who have experienced profound loss.",,,,,,,,,,,,,,,,
disgust,"?? Yudh se hue har nuksan se humein disgust aata hai. It's time to channel that feeling into positive action, working towards a world where such devastation and loss are not repeated.",,,,,,,,,,,,,,,,
disgust,?? Yudh ke kshetra mein hui har kroorta ko dekhkar humein disgust hota hai. Let's unite against the horrors of war and strive to create a world where compassion triumphs over cruelty.,,,,,,,,,,,,,,,,
anxiety,?? Yudh ka mahaul dekhkar humein anxiety hoti hai. The uncertainty and fear it brings are overwhelming. It's essential to work towards global peace to alleviate this collective anxiety.,,,,,,,,,,,,,,,,
anxiety,?? Yudh ke chakkar mein humein anek logon ki chinta hoti hai. The anxiety of not knowing what the future holds is a burden on us all. It's time for diplomatic solutions and lasting peace.,,,,,,,,,,,,,,,,
shame,"?? Yudh mein hui hinsa se humein sharm aati hai. As a global community, we must reflect on these shameful acts and collectively strive towards building a world free from violence and shame.",,,,,,,,,,,,,,,,
shame,?? Yudh se hui prakriti ke nuksan ke liye humein sharminda hona chahiye. Let's acknowledge the environmental degradation caused by war and take responsibility for nurturing our planet.,,,,,,,,,,,,,,,,
resilience,"?? Yudh ke baad, humein apni majbooti aur determination dikhana hoga. Let's stand resilient, lfearn from the past, and build a future where conflicts are resolved through dialogue and understanding.",,,,,,,,,,,,,,,,
resilience,"?? Yudh ke asar se humein dobara se uthna hoga, resilience aur hope dikhana hoga. The human spirit is resilient, and together, we can overcome the challenges of war and work towards a better world.",,,,,,,,,,,,,,,,
